clean_text,category,location,status,date,name,contact
black reading glasses,glasses,ab5,lost,14/04/2026 23:02,Zain Khan,3991727850
brown noise-cancelling earbuds,earbuds,ab5,lost,20/04/2026 14:50,Rabia Ahmed,3745654827
black leather wallet,wallet,cc,lost,16/02/2026 18:06,Sara Ahmed,3680302142
black sport earbuds,earbuds,ab4,found,13/04/2026 11:38,Sobia Khan,3244017314
black flat keys,keys,mosque,lost,08/04/2026 10:02,Adnan Khan,3256483574
brown android OPPO phone,phone,mosque,lost,16/02/2026 13:36,Sidra Khan,3569092906
black flash usb drive,usb,hostel,lost,21/11/2025 18:24,Omar Farooq,3162238081
black zipper bag,bag,mosque,lost,14/03/2026 20:18,Eman Ali,3109988851
black drawstring bag,bag,ab1,lost,13/10/2025 12:42,Areeba Ahmed,3852896496
black sport watch,watch,ab5,lost,13/05/2025 11:57,Alina Khan,3723797987
brown noise-cancelling earbuds,earbuds,love garden,lost,13/02/2026 1:08,Amna Ali,3327879638
brown portable umbrella,umbrella,garden,lost,14/02/2026 1:08,Uzma Ahmed,3237340644
brown student id card,id_card,library,lost,26/02/2025 12:33,Hira Shah,3646376431
black zipped wallet,wallet,ab3,lost,28/10/2025 10:05,Kashif Ali,3231986215
brown travel umbrella,umbrella,ab2,found,08/05/2025 15:23,Mehwish Khan,3308483298
black plastic bottle,bottle,ab5,lost,27/04/2026 18:45,Fahad Khan,3817488272
brown reading glasses,glasses,ab4,lost,29/04/2025 10:17,Areeba Ahmed,3734360282
black used laptop,laptop,hostel,lost,09/04/2026 9:07,Hania Khan,3577626474
black bifold wallet,wallet,cc,lost,19/11/2025 21:33,Aleena Khan,3309910902
brown portable umbrella,umbrella,ab3,lost,17/11/2025 20:29,Kinza Ahmed,3944410861
brown analog watch,watch,ab1,found,04/03/2026 11:39,Daniyal Khan,3235627854
brown access id card,id_card,hostel,lost,23/10/2025 16:27,Mudassir Ali,3398993606
black zipped wallet,wallet,garden,lost,19/05/2025 13:17,Tanveer Khan,3558251467
black card wallet,wallet,ab5,lost,06/12/2025 21:43,Kinza Ahmed,3557528456
brown access id card,id_card,ab4,lost,19/01/2026 16:20,Huzaifa Ahmed,3544586626
brown sport watch,watch,mosque,lost,31/01/2026 17:18,Huzaifa Ahmed,3995447402
black slim wallet,wallet,love garden,lost,08/05/2025 12:10,Lubna Khan,3268262985
black noise-cancelling earbuds,earbuds,cc,lost,29/09/2025 19:35,Bilawal Ali,3588867280
brown slim laptop,laptop,ab1,lost,05/12/2025 12:39,Hamza Ali,3403489053
black reading glasses,glasses,ab5,found,27/04/2026 18:27,Tahira Ahmed,3734946805
brown compact earbuds,earbuds,ab1,found,19/09/2025 12:58,Tehmina Ali,3527572626
brown compact earbuds,earbuds,ab2,lost,19/03/2025 23:47,Zainab Malik,3559073995
black university id card,id_card,ab2,lost,07/10/2025 12:36,Shahzaib Ali,3217006355
calculus note book,notebook,hostel,lost,10/12/2025 16:59,Aleena Khan,3677720760
brown slim wallet,wallet,library,lost,27/11/2025 12:51,Akram Ahmed,3980570635
black small notebook,notebook,garden,lost,05/08/2025 12:36,Tahira Ahmed,3126883776
black laminated id card,id_card,parking,lost,26/02/2026 20:51,Nadia Ali,3981230272
brown slim Samsumg phone,phone,canteen,found,02/05/2025 11:51,Tehmina Ali,3318204630
brown sport earbuds,earbuds,ab5,lost,30/10/2025 13:21,Hira Shah,3155630903
black pocket notebook,notebook,ab3,lost,01/11/2025 12:56,Alina Khan,3217722375
black digital watch,watch,ab5,lost,21/01/2026 13:20,Asad Ahmed,3649269817
black compact earbuds,earbuds,hostel,lost,29/10/2025 19:21,Rabia Ahmed,3804261635
brown framed glasses,glasses,ab4,found,19/08/2025 10:32,Ali Khan,3938086799
usb 64gb,usb,garden,lost,17/04/2025 13:40,Bushra Ahmed,3424993387
black noise-cancelling earbuds,earbuds,mosque,lost,30/01/2026 11:58,Ahmed Raza,3735104400
brown tagged keys,keys,mosque,found,10/02/2026 9:31,Fiza Ahmed,3842105455
brown leather-strap watch,watch,ab1,found,24/04/2025 17:45,Hassan Ahmed,3688718523
brown leather wallet,wallet,love garden,lost,11/07/2025 3:01,Fahad Khan,3777185138
brown pocket calculator,calculator,ab4,lost,27/11/2025 10:25,Farah Khan,3245543710
black dual-sim Vivo phone,phone,ab4,lost,22/05/2025 14:42,Asad Ahmed,3339774783
brown tinted glasses,glasses,ab2,lost,10/03/2026 10:24,Sumbul Ahmed,3973014853
brown sport earbuds,earbuds,mosque,lost,20/05/2025 10:27,Aleena Khan,3821937668
brown university id card,id_card,love garden,lost,30/09/2025 20:05,Rukhsar Khan,3787877277
black digital watch,watch,hostel,found,03/02/2026 13:58,Rabia Ahmed,3127989665
brown spiral notebook,notebook,ab2,lost,20/03/2025 21:10,Zainab Malik,3277725419
black flash usb drive,usb,mosque,lost,26/05/2025 19:12,Kinza Ahmed,3775001243
black compact umbrella,umbrella,ab3,lost,03/02/2026 18:37,Yasir Khan,3490011677
brown dual-sim Vivo phone,phone,ab4,lost,12/03/2025 15:53,Irfan Ali,3780350540
black photo id card,id_card,garden,found,,Haroon Ahmed,3137153542
brown tinted glasses,glasses,ab2,lost,19/05/2025 16:02,Komal Khan,3388038635
brown sport watch,watch,garden,lost,28/04/2025 23:24,Rehan Khan,3973963515
brown card wallet,wallet,canteen,lost,19/08/2025 22:11,Shayan Ali,3263435147
black android Vivo phone,phone,garden,,22/05/2025 18:49,Arslan Khan,3124915879
brown compact earbuds,earbuds,love garden,lost,10/03/2026 11:18,Sidra Khan,3186727602
black compact earbuds,earbuds,garden,lost,18/09/2025 10:20,Fatima Ali,3699370704
brown portable laptop,laptop,ab5,lost,08/03/2025 19:11,Maham Ali,3129243061
brown shoulder bag,bag,ab1,lost,07/04/2026 17:46,Waleed Ahmed,3994927220
brown sport earbuds,earbuds,canteen,found,17/04/2025 20:21,Eman Ali,3708263787
black access id card,id_card,mosque,lost,11/12/2025 14:18,Fiza Ahmed,3355747740
black framed glasses,glasses,love garden,lost,08/07/2025 15:38,Huma Ali,3542544857
black pocket calculator,calculator,parking,lost,13/08/2025 15:05,Ayesha Khan,3162982072
 brown bag,bag,cc,lost,23/04/2026 10:42,Anum Ahmed,3551587202
black compact laptop,laptop,ab5,lost,27/03/2025 8:58,Shagufta Ahmed,3139995772
black sport watch,watch,canteen,lost,05/12/2025 8:21,Rukhsar Khan,3935906854
brown sports bottle,bottle,love garden,lost,28/11/2025 20:30,Fahad Khan,3589158786
black android Vivo phone,phone,parking,lost,18/09/2025 14:36,Iqra Khan,3587602768
brown university id card,id_card,garden,lost,27/02/2025 11:44,Shayan Ali,3527942491
black slim laptop,laptop,ab3,lost,22/05/2025 10:36,Sidra Khan,3698173345
black sport earbuds,earbuds,ab1,found,23/04/2025 18:44,Waleed Ahmed,3670874846
black wireless earbuds,earbuds,parking,lost,31/10/2025 19:34,Rauf Ahmed,3319052079
brown student id card,id_card,hostel,lost,10/12/2025 13:55,Huma Ali,3573394010
black tagged keys,keys,hostel,found,17/09/2025 23:33,Junaid Ahmed,3256423550
brown drawstring bag,bag,ab2,lost,24/02/2026 19:25,Sehrish Khan,3312327526
black business laptop,laptop,ab1,lost,20/01/2026 22:11,Talha Khan,3445505994
brown noise-cancelling earbuds,earbuds,hostel,lost,21/11/2025 12:18,Hadia Khan,3452873321
black cracked Vivo phone,phone,library,lost,25/09/2025 15:46,Laiba Khan,3505078326
brown travel umbrella,umbrella,ab1,lost,24/02/2025 22:54,Hania Khan,3761240496
brown sport earbuds,earbuds,ab3,found,09/04/2025 17:55,Shayan Ali,3130180870
brown scientific calculator,calculator,mosque,lost,19/08/2025 14:01,Samina Ahmed,3851385696
black portable laptop,laptop,ab4,lost,17/11/2025 15:21,Adnan Khan,3720436260
black cracked Vivo phone,phone,parking,lost,27/02/2025 14:56,Shagufta Ahmed,3910600383
black dual-sim Vivo phone,phone,ab1,lost,19/03/2025 14:04,Amna Ali,3908749321
black dual-sim Vivo phone,phone,ab3,lost,09/05/2025 18:04,Minal Ahmed,3248231646
black slim wallet,wallet,love garden,lost,23/02/2025 20:27,Hassan Ahmed,3565778683
hp probook,laptop,ab5,lost,06/03/2025 21:15,Shagufta Ahmed,3881973401
black USB-C charger,charger,love garden,lost,20/03/2025 12:40,Nimra Khan,3894383381
black student id card,id_card,cc,lost,08/04/2025 8:52,Hania Khan,3434040166
black framed glasses,glasses,garden,lost,15/08/2025 1:10,Shazia Ali,3619395675
black card wallet,wallet,ab1,lost,10/03/2026 20:32,Javed Ali,3931109407
black steel bottle,bottle,mosque,lost,11/03/2025 11:22,Tanveer Khan,3709483071
brown touchscreen Vivo phone,phone,cc,lost,28/02/2025 10:27,Nasir Khan,3236290953
black access id card,id_card,ab2,lost,15/11/2025 13:42,Fatima Ali,3354443954
brown laminated id card,id_card,ab5,lost,17/09/2025 18:10,Aleena Khan,3283558259
brown used laptop,laptop,ab5,lost,18/04/2025 0:28,Zainab Malik,3320433428
black android Vivo phone,phone,parking,lost,20/08/2025 18:39,Farhan Ahmed,3946310105
black slim Vivo phone,phone,cc,lost,18/04/2025 19:18,Laiba Khan,3269013831
brown in-ear earbuds,earbuds,love garden,lost,18/09/2025 16:32,Zubair Ahmed,3601323924
brown small umbrella,umbrella,ab3,lost,26/05/2025 12:23,Hania Khan,3551277051
black slim laptop,laptop,ab5,lost,05/03/2025 14:53,Samina Ahmed,3191445210
black used laptop,laptop,ab3,lost,15/12/2025 20:57,Taha Ali,3609860990
brown spiral notebook,notebook,love garden,lost,04/06/2025 20:21,Asad Ahmed,3312644565
black touchscreen Vivo phone,phone,library,lost,04/02/2025 16:33,Kamran Ahmed,3881215273
black portable charger,charger,ab1,lost,09/09/2025 15:15,Eman Ali,3348106352
brown pocket calculator,calculator,ab5,lost,21/03/2025 21:50,Arslan Khan,3454762150
brown digital watch,watch,ab5,found,13/08/2025 16:11,Samina Ahmed,3103168594
brown canvas bag,bag,library,found,06/02/2026 17:54,Salman Khan,3302542563
black android Vivo phone,phone,garden,found,09/10/2025 16:19,Ali Khan,3610650641
brown drawstring bag,bag,love garden,lost,23/09/2025 6:08,Maham Ali,3184055182
black wireless earbuds,earbuds,canteen,lost,28/02/2025 22:29,Nimra Khan,3745348242
black analog watch,watch,mosque,found,02/10/2025 17:13,Ali Khan,3985340898
black tagged keys,keys,ab4,lost,21/08/2025 13:25,Kiran Malik,3461424523
brown small umbrella,umbrella,ab5,found,20/12/2024 15:48,Sobia Khan,3705800051
brown digital watch,watch,ab3,lost,18/04/2025 14:52,Ayesha Khan,3535253215
brown water bottle,bottle,parking,lost,20/04/2026 23:18,Maham Ali,3998831266
black zipped wallet,wallet,ab1,lost,26/03/2025 20:51,Kamran Ahmed,3623209695
black sports bottle,bottle,library,lost,14/10/2025 19:43,Rukhsar Khan,3810664288
brown used laptop,laptop,love garden,lost,10/04/2025 17:43,Fahad Khan,3562233621
brown compact usb drive,usb,ab1,found,,Hassan Ahmed,3766190943
brown noise-cancelling earbuds,earbuds,mosque,lost,04/10/2025 16:13,Arslan Khan,3520814210
black travel umbrella,umbrella,hostel,lost,03/03/2025 22:34,Sana Malik,3938315889
black shoulder bag,bag,canteen,lost,20/03/2025 12:39,Rabia Ahmed,3770980579
black steel bottle,bottle,ab5,lost,28/04/2026 21:50,Tahira Ahmed,3801262282
black slim wallet,wallet,parking,lost,05/11/2025 16:24,Aleena Khan,3107600571
brown dual-sim Vivo phone,phone,ab2,lost,19/08/2025 14:34,Zain Khan,3764595353
black analog watch,watch,canteen,found,30/01/2025 1:47,Nadia Ali,3970886642
black noise-cancelling earbuds,earbuds,mosque,lost,28/12/2024 17:23,Kamran Ahmed,3430953988
black card wallet,wallet,ab1,found,08/01/2025 16:24,Irfan Ali,3393043697
black portable laptop,laptop,ab2,lost,06/01/2025 20:58,Adnan Khan,3169586104
brown student id card,id_card,garden,lost,29/09/2025 1:34,Shayan Ali,3887483240
black dual-sim Vivo phone,phone,canteen,found,14/02/2025 13:00,Hamza Ali,3894115276
black reusable bottle,bottle,love garden,found,,Komal Khan,3983845528
black zipped wallet,wallet,love garden,lost,02/03/2026 14:44,Hadia Khan,3313680349
brown steel bottle,bottle,ab2,found,13/11/2025 15:16,Huma Ali,3738238786
black ringed keys,keys,library,lost,05/02/2025 17:42,Qasim Ahmed,3910803770
black bifold wallet,wallet,ab4,lost,13/02/2025 11:05,Noor Fatima,3332413021
brown touchscreen Vivo phone,phone,ab4,lost,11/10/2025 16:30,Anaya Ali,3379925867
brown zipped wallet,wallet,library,lost,,Talha Khan,3374343031
brown slim laptop,laptop,ab2,lost,24/02/2026 16:38,Kashif Ali,3953180501
black canvas bag,bag,cc,lost,30/09/2025 14:17,Kamran Ahmed,3724464096
black slim wallet,wallet,ab2,lost,31/10/2025 21:15,Bushra Ahmed,3207527741
black sport watch,watch,cc,lost,17/02/2025 15:14,Kashif Ali,3185308943
brown laminated id card,id_card,hostel,lost,30/01/2025 17:43,Shayan Ali,3328744397
brown flash usb drive,usb,library,lost,23/01/2025 11:08,Rehan Khan,3368197097
black business laptop,laptop,ab4,lost,18/04/2025 11:20,Rukhsar Khan,3358997280
brown zipper bag,bag,love garden,lost,20/04/2026 11:02,Naila Khan,3784299436
brown card wallet,wallet,ab4,lost,30/01/2025 10:14,Javed Ali,3495356155
brown sport earbuds,earbuds,ab5,found,12/01/2025 22:51,Bilawal Ali,3949668464
black sport earbuds,earbuds,ab3,lost,06/01/2025 14:53,Mudassir Ali,3601905352
brown spiral notebook,notebook,parking,lost,07/11/2025 19:02,Rizwan Ali,3716993237
black university id card,id_card,hostel,lost,28/02/2025 19:04,Ahmed Raza,3276888651
black android Vivo phone,phone,mosque,found,06/05/2025 8:48,Yasir Khan,3977761481
black university id card,id_card,love garden,lost,26/11/2025 10:59,Kamran Ahmed,3980088209
brown access id card,id_card,garden,lost,21/01/2025 10:45,Noor Fatima,3910908842
black cracked Vivo phone,phone,ab3,lost,17/03/2025 19:51,Zubair Ahmed,3305287095
black tote bag,bag,hostel,lost,08/05/2025 9:06,Bilawal Ali,3449640215
brown travel umbrella,umbrella,ab3,lost,13/03/2025 20:04,Usman Ali,3403277687
black shoulder bag,bag,ab3,found,27/04/2026 12:54,Shahzaib Ali,3542139630
brown solar calculator,calculator,ab5,lost,14/12/2024 0:14,Bilawal Ali,3464198608
apple watch black,watch,parking,lost,17/02/2025 19:02,Aiman Ali,3560729881
black university id card,id_card,canteen,lost,22/12/2024 15:06,Adeel Khan,3956818696
black bifold wallet,wallet,parking,lost,21/08/2025 12:49,Yasir Khan,3773750747
black zipped wallet,wallet,garden,found,23/02/2025 2:29,Fahad Khan,3438522004
brown access id card,id_card,garden,lost,02/03/2025 15:51,Aiman Ali,3698557374
black slim wallet,wallet,hostel,lost,22/01/2025 12:38,Waqar Ali,3180864107
black tagged keys,keys,ab5,lost,07/10/2025 15:50,Naila Khan,3230412475
black cable charger,charger,ab3,lost,08/10/2025 15:50,Fahad Khan,3830314003
black in-ear earbuds,earbuds,ab4,found,30/09/2025 17:17,Yasir Khan,3210225002
black wireless earbuds,earbuds,ab2,lost,16/04/2025 13:24,Noor Fatima,3360019997
brown pocket notebook,notebook,ab2,lost,10/09/2025 22:25,Mudassir Ali,3178562176
black framed glasses,glasses,garden,lost,25/02/2026 13:25,Kinza Ahmed,3427454777
black touchscreen Vivo phone,phone,garden,lost,30/09/2025 10:38,Taha Ali,3338663963
black tote bag,bag,love garden,lost,13/12/2024 22:33,Rehan Khan,3402210992
brown bag lenovo thinkpad,bag,canteen,lost,27/04/2026 19:50,Rukhsar Khan,3698944336
black compact umbrella,umbrella,ab2,found,06/01/2025 15:33,Amna Ali,3288499047
black lined notebook,notebook,canteen,found,11/02/2025 22:27,Hafsa Ali,3366904037
black usb 32gb,usb,ab3,lost,28/01/2025 15:28,Umar Khan,3173158633
brown student id card,id_card,love garden,lost,31/12/2024 10:40,Hadia Khan,3662917672
black business laptop,laptop,ab2,lost,24/02/2025 15:22,Akram Ahmed,3727148345
brown zipper bag,bag,ab1,lost,06/04/2026 22:48,Akram Ahmed,3132677990
brown portable laptop,laptop,mosque,lost,15/02/2025 17:26,Mahnoor Ali,3365928565
black slim Vivo phone,phone,ab5,lost,30/12/2024 0:30,Shahzaib Ali,3580229491
black small umbrella,umbrella,library,lost,12/02/2025 16:15,Sana Malik,3615607577
black plastic bottle,bottle,hostel,lost,03/01/2025 15:58,Kinza Ahmed,3254361563
brown framed glasses,glasses,library,found,06/02/2025 17:46,Adnan Khan,3836686077
brown pocket calculator,calculator,cc,lost,30/01/2026 13:42,Kashif Ali,3773161066
black android Vivo phone,phone,garden,lost,07/01/2025 14:47,Waqar Ali,3962337361
black basic calculator,calculator,library,lost,06/03/2025 22:02,Rida Ali,3667063714
brown compact earbuds,earbuds,ab3,lost,16/04/2025 18:50,Fiza Ahmed,3443675935
black cracked Vivo phone,phone,ab5,lost,23/01/2025 19:24,Shagufta Ahmed,3317439145
brown portable umbrella,umbrella,ab5,lost,03/01/2025 0:32,Sara Ahmed,3972757468
brown drawstring bag,bag,ab4,lost,10/02/2025 15:43,Kiran Malik,3895900942
brown spiral notebook,notebook,parking,lost,28/11/2025 9:19,Mahnoor Ali,3731680599
black university id card,id_card,love garden,lost,17/06/2025 15:10,Mehwish Khan,3637644519
black access id card,id_card,ab3,lost,29/01/2025 13:57,Qasim Ahmed,3401546866
brown android Vivo phone,phone,mosque,lost,06/02/2025 20:32,Sara Ahmed,3835334000
black sport watch,watch,mosque,lost,12/01/2025 22:50,Maham Ali,3523263224
brown steel bottle,bottle,parking,lost,11/02/2025 12:09,Minal Ahmed,3210851452
brown leather-strap watch,watch,mosque,found,26/04/2025 16:50,Huma Ali,3466492301
black slim Vivo phone,phone,ab1,lost,14/12/2024 18:55,Zain Khan,3701800076
black wrist watch,watch,parking,lost,03/01/2025 14:17,Kinza Ahmed,3103679087
black hard-cover notebook,notebook,love garden,lost,12/11/2024 14:57,Fatima Ali,3888553848
black card wallet,wallet,library,lost,06/11/2024 14:00,Asad Ahmed,3358939317
black cracked samsung phone,phone,ab4,lost,05/01/2025 14:32,Sajid Khan,3684181820
brown slim wallet,wallet,library,found,14/07/2025 14:02,Nasir Khan,3734932165
brown drawstring bag,bag,library,lost,04/01/2025 19:19,Rida Ali,3886310936
brown student id card,id_card,cc,lost,24/01/2025 18:06,Huzaifa Ahmed,3713237214
brown dual-sim samsung phone,phone,ab5,lost,23/04/2025 22:11,Taha Ali,3417040555
brown wall charger,charger,ab1,lost,17/02/2026 16:58,Shazia Ali,3438072891
brown photo id card,id_card,canteen,lost,11/02/2025 12:05,Taha Ali,3118565084
brown portable charger,charger,parking,lost,30/08/2025 10:33,Mudassir Ali,3816766330
black portable laptop,laptop,ab4,lost,12/09/2025 21:20,Sana Malik,3496114063
brown rimless glasses,glasses,hostel,found,06/12/2024 11:05,Salman Khan,3733995513
black handheld calculator,calculator,canteen,lost,28/02/2025 17:00,Adeel Khan,3246146037
brown hard-cover notebook,notebook,garden,lost,07/11/2024 10:27,Kiran Malik,3511761527
black compact earbuds,earbuds,parking,found,10/04/2025 19:58,Sumbul Ahmed,3692186133
brown plastic bottle,bottle,cc,found,02/01/2025 12:33,Iqra Khan,3703289000
brown drawstring bag,bag,mosque,lost,05/12/2024 13:40,Kamran Ahmed,3197635202
brown in-ear earbuds,earbuds,ab4,found,09/04/2026 14:54,Nadia Ali,3301459273
brown slim samsung phone,phone,parking,lost,02/01/2025 12:50,Ahmed Raza,3583923488
black handheld calculator,calculator,hostel,lost,29/11/2024 14:18,Rehan Khan,3893139828
brown fast charger,charger,cc,lost,30/12/2024 16:07,Rida Ali,3384995268
brown bifold wallet,wallet,ab2,found,15/12/2025 14:09,Aiman Ali,3431126721
brown android samsung phone,phone,ab3,lost,12/11/2024 11:51,Waleed Ahmed,3110522613
black travel umbrella,umbrella,ab1,lost,09/12/2024 16:54,Aiman Ali,3703283537
black touchscreen samsung phone,phone,ab2,lost,12/05/2025 20:03,Kiran Malik,3438698117
black slim laptop,laptop,mosque,lost,06/02/2025 17:34,Bushra Ahmed,3697161189
black portable laptop,laptop,ab3,lost,07/02/2025 17:34,Sidra Khan,3640106241
brown tinted glasses,glasses,ab2,lost,13/11/2025 19:48,Rehan Khan,3688195943
black wall charger,charger,garden,lost,03/01/2025 17:58,Umar Khan,3537301526
brown access id card,id_card,garden,lost,18/11/2024 14:33,Huma Ali,3592369659
black wall charger,charger,canteen,lost,27/03/2025 19:30,Maham Ali,3248847326
brown photo id card,id_card,love garden,lost,30/01/2025 12:02,Zain Khan,3610879275
black leather wallet,wallet,cc,lost,13/12/2024 15:54,Nasir Khan,3302980857
eyeglasses,glasses,ab1,lost,28/11/2024 15:00,Yasir Khan,3684067073
black folding umbrella,umbrella,library,found,14/05/2025 23:06,Hassan Ahmed,3297481003
brown prescription glasses,glasses,garden,lost,22/01/2025 13:22,Parveen Ali,3280848069
black card wallet,wallet,ab5,lost,28/02/2025 18:08,Tahira Ahmed,3978144409
brown reading glasses,glasses,canteen,found,03/02/2026 19:11,Asad Ahmed,3581675390
black USB-C charger,charger,mosque,lost,10/04/2025 12:31,Iqra Khan,3932077537
brown zipper bag,bag,ab3,lost,25/11/2024 19:28,Omar Farooq,3441108518
brown reusable bottle,bottle,ab2,lost,14/11/2024 18:47,Samina Ahmed,3911660721
brown photo id card,id_card,ab4,lost,21/11/2024 17:01,Sara Ahmed,3125499980
brown drawstring bag,bag,ab1,lost,17/03/2025 13:56,Anaya Ali,3899810621
brown portable laptop,laptop,ab3,lost,18/11/2024 17:38,Iqra Khan,3423605658
brown used laptop,laptop,ab2,lost,08/11/2024 9:01,Hira Shah,3604389361
brown digital watch,watch,parking,lost,24/10/2025 13:37,Salman Khan,3670133535
brown tinted glasses,glasses,ab5,found,20/11/2024 12:40,Lubna Khan,3178335065
keys brown 32gb,keys,love garden,lost,13/12/2024 12:09,Nimra Khan,3922260642
black university id card,id_card,library,lost,28/11/2024 14:24,Akram Ahmed,3530330298
brown metal keys,keys,ab5,lost,13/11/2024 12:20,Irfan Ali,3629643420
brown touchscreen samsung phone,phone,ab4,lost,07/11/2024 12:48,Amna Ali,3787493945
brown framed glasses,glasses,ab2,lost,25/11/2024 14:10,Mudassir Ali,3515353943
brown flat keys,keys,mosque,lost,13/11/2024 23:11,Mahnoor Ali,3296776274
black touchscreen samsung phone,phone,parking,found,09/12/2024 15:10,Javed Ali,3600748581
black zipper bag,bag,love garden,lost,06/02/2025 16:08,Rauf Ahmed,3433957710
brown noise-cancelling earbuds,earbuds,cc,lost,29/11/2024 9:18,Zubair Ahmed,3421703554
black reading glasses,glasses,canteen,found,13/02/2025 13:12,Amna Ali,3870355852
brown wall charger,charger,ab2,lost,06/12/2024 15:45,Huzaifa Ahmed,3247429123
brown dual-sim samsung phone,phone,ab1,lost,12/11/2024 17:41,Qasim Ahmed,3662685833
brown slim samsung phone,phone,ab1,found,11/12/2024 17:10,Hassan Ahmed,3808091507
black portable usb drive,usb,ab5,lost,19/11/2024 14:44,Tanveer Khan,3300958696
brown photo id card,id_card,love garden,lost,08/11/2024 15:13,Kiran Malik,3210573787
black flat keys,keys,library,found,13/12/2024 13:04,Anaya Ali,3794590302
brown photo id card,id_card,ab5,lost,18/11/2024 9:21,Arslan Khan,3228050043
black university id card,id_card,parking,lost,20/01/2025 17:08,Eman Ali,3679263622
brown zipped wallet,wallet,ab4,lost,27/11/2024 20:52,Mehwish Khan,3461441259
brown access id card,id_card,ab2,lost,26/11/2024 16:58,Maham Ali,3335546406
black hard-cover notebook,notebook,ab5,lost,12/12/2024 17:02,Omar Farooq,3559524538
black compact earbuds,earbuds,ab1,lost,06/11/2024 11:56,Shayan Ali,3712535857
brown canvas bag,bag,canteen,lost,11/12/2024 18:09,Eman Ali,3110116417
black sports bottle,bottle,library,lost,13/11/2024 14:29,Bilal Khan,3769755942
brown used laptop,laptop,ab5,lost,13/12/2024 14:16,Sidra Khan,3449865519
black wall charger,charger,love garden,lost,19/11/2024 1:29,Junaid Ahmed,3719857483
black access id card,id_card,canteen,lost,22/05/2025 11:37,Maham Ali,3491055801
black rimless glasses,glasses,cc,lost,11/11/2024 19:14,Kashif Ali,3515521535
black analog watch,watch,love garden,found,04/12/2024 11:15,Hadia Khan,3331966444
brown plastic bottle,bottle,ab5,lost,13/11/2024 12:01,Anaya Ali,3401227019
brown digital watch,watch,cc,lost,04/12/2024 15:52,Laiba Khan,3723724790
black tote bag,bag,parking,lost,11/12/2024 10:49,Kiran Malik,3449615829
brown bifold wallet,wallet,ab4,lost,17/02/2025 11:04,Sumbul Ahmed,3269431883
black slim samsung phone,phone,mosque,lost,01/03/2025 16:02,Naveed Khan,3959110197
brown university id card,id_card,canteen,lost,30/11/2024 18:42,Naila Khan,3992145764
brown university id card,id_card,ab4,lost,13/11/2024 21:53,Sohail Ali,3644182717
brown travel umbrella,umbrella,love garden,lost,29/11/2024 10:30,Naila Khan,3956046042
black compact usb drive,usb,ab1,lost,08/11/2024 5:46,Aleena Khan,3256845422
black access id card,id_card,ab1,found,01/01/2025 21:25,Alina Khan,3848429867
 black laptop bag,bag,library,lost,25/11/2024 13:10,Salman Khan,3497036447
brown touchscreen samsung phone,phone,library,lost,14/11/2024 13:24,Naila Khan,3263043368
black analog watch,watch,ab5,lost,28/01/2025 19:43,Shazia Ali,3124034899
black compact umbrella,umbrella,love garden,lost,26/11/2024 17:32,Waqar Ali,3304610298
black spiral notebook,notebook,ab3,lost,05/11/2024 23:38,Rizwan Ali,3140853648
black noise-cancelling earbuds,earbuds,ab5,found,03/12/2024 16:10,Shayan Ali,3361000066
black rimless glasses,glasses,parking,lost,15/11/2024 14:13,Naila Khan,3744251925
black sport watch,watch,love garden,lost,14/05/2025 9:40,Asad Ahmed,3342022729
black wall charger,charger,ab3,lost,09/11/2024 11:28,Javed Ali,3889650853
brown steel bottle,bottle,ab2,lost,11/12/2024 10:50,Zain Khan,3594708826
black reusable bottle,bottle,love garden,lost,16/11/2024 11:16,Mahnoor Ali,3158558085
black pocket calculator,calculator,ab4,lost,29/08/2025 10:42,Talha Khan,3148520542
brown slim laptop,laptop,love garden,lost,10/12/2024 12:04,Nasir Khan,3242008299
black bifold wallet,wallet,mosque,lost,04/11/2024 12:18,Sana Malik,3434973757
brown used laptop,laptop,library,lost,02/12/2024 16:04,Ahsan Khan,3264338151
black student id card,id_card,ab3,lost,12/09/2024 10:22,Bushra Ahmed,3628921669
black folding umbrella,umbrella,canteen,lost,22/01/2025 9:10,Hassan Ahmed,3644938195
brown access id card,id_card,mosque,lost,17/10/2024 9:00,Sobia Khan,3927461389
black flat keys,keys,parking,lost,25/11/2024 15:09,Farhan Ahmed,3511606275
black small usb drive,usb,library,lost,22/11/2024 17:03,Kashif Ali,3397257596
brown wrist watch,watch,love garden,lost,08/11/2024 14:23,Umar Khan,3488240568
black portable charger,charger,ab4,lost,25/11/2024 13:40,Sohail Ali,3106204965
brown student id card,id_card,love garden,lost,19/11/2024 14:11,Sajid Khan,3339964978
brown photo id card,id_card,parking,lost,29/01/2025 14:02,Sara Ahmed,3946033108
black in-ear earbuds,earbuds,library,lost,03/12/2024 17:58,Aleena Khan,3581424408
brown in-ear earbuds,earbuds,hostel,found,10/10/2024 21:35,Noman Khan,3605882898
black zipped wallet,wallet,ab3,lost,13/02/2025 21:00,Sajid Khan,3206351536
black dual-sim samsung phone,phone,ab4,found,14/02/2025 21:00,Aleena Khan,3632836589
brown handheld calculator,calculator,library,lost,26/11/2024 13:28,Shazia Ali,3406881102
brown leather-strap watch,watch,ab3,lost,23/10/2025 9:44,Shahzaib Ali,3234418450
brown sport watch,watch,parking,found,05/09/2024 16:54,Hafsa Ali,3875474181
brown business laptop,laptop,ab3,lost,11/12/2024 12:33,Sobia Khan,3878040642
black flash usb drive,usb,ab4,found,13/11/2024 18:37,Sana Malik,3815607085
brown wall charger,charger,love garden,lost,28/10/2024 13:52,Saad Ahmed,3519274159
black slim samsung phone,phone,ab1,lost,03/09/2024 16:46,Sana Malik,3834161043
brown cracked iphone,phone,garden,found,14/09/2024 21:13,Iqra Khan,3432476710
black slim iphone,phone,ab5,lost,31/10/2024 17:19,Nimra Khan,3715448926
brown leather wallet,wallet,hostel,lost,04/11/2024 22:38,Mudassir Ali,3383863495
brown plastic bottle,bottle,ab2,lost,13/09/2024 11:12,Waleed Ahmed,3112187287
brown bifold wallet,wallet,cc,lost,17/10/2024 17:18,Ahsan Khan,3386221728
brown ringed keys,keys,ab4,lost,22/10/2024 22:29,Aiman Ali,3621119172
brown portable umbrella,umbrella,hostel,lost,07/09/2024 20:57,Huzaifa Ahmed,3511544823
black sport earbuds,earbuds,hostel,lost,04/11/2024 15:13,Asad Ahmed,3460447830
black USB-C charger,charger,cc,lost,24/10/2024 13:37,Ahmed Raza,3855640042
black compact usb drive,usb,parking,found,11/09/2024 23:51,Mudassir Ali,3666431475
brown small notebook,notebook,cc,lost,12/09/2024 16:58,Ali Khan,3460237153
black in-ear earbuds,earbuds,love garden,lost,25/11/2024 15:57,Qasim Ahmed,3305952412
brown photo id card,id_card,library,lost,05/09/2024 15:00,Waqar Ali,3927590291
black wireless earbuds,earbuds,ab5,lost,28/04/2025 13:17,Uzma Ahmed,3640408657
brown plastic bottle,bottle,ab4,lost,02/11/2024 16:29,Usman Ali,3204053644
brown portable laptop,laptop,library,found,31/10/2024 17:05,Zain Khan,3121134681
brown sport watch,watch,garden,found,29/09/2025 18:36,Sohail Ali,3342857606
brown hard-cover notebook,notebook,library,lost,02/11/2024 23:56,Rabia Ahmed,3234308849
brown basic calculator,calculator,ab2,lost,05/09/2024 14:03,Ayesha Khan,3957874280
brown university id card,id_card,parking,lost,16/10/2024 16:51,Sidra Khan,3713698186
brown cracked iphone,phone,ab3,lost,28/02/2025 17:16,Anaya Ali,3592948289
brown steel bottle,bottle,cc,found,13/09/2024 14:17,Lubna Khan,3332306700
black student id card,id_card,ab3,lost,05/09/2024 16:38,Nadia Ali,3167842364
black compact earbuds,earbuds,ab3,lost,11/10/2024 22:17,Hafsa Ali,3875462124
black tinted glasses,glasses,canteen,lost,29/10/2024 16:55,Anaya Ali,3440149900
black noise-cancelling earbuds,earbuds,ab1,lost,14/10/2024 9:03,Rizwan Ali,3232044404
black slim iphone,phone,garden,lost,30/10/2024 20:09,Shazia Ali,3310501380
brown access id card,id_card,love garden,lost,25/10/2024 12:09,Hafsa Ali,3600323471
brown spiral notebook,notebook,parking,lost,19/10/2024 11:59,Fahad Khan,3294343748
black steel bottle,bottle,parking,lost,22/10/2024 9:06,Omar Farooq,3428123246
black solar calculator,calculator,library,lost,11/09/2024 19:11,Bilal Khan,3591399998
black university id card,id_card,garden,lost,06/11/2024 10:30,Adnan Khan,3367650475
black card wallet,wallet,mosque,found,11/12/2024 15:08,Naveed Khan,3839716767
black steel bottle,bottle,cc,lost,09/12/2024 14:14,Laiba Khan,3180167530
black analog watch,watch,ab3,lost,07/12/2024 1:53,Huma Ali,3213448344
brown pocket calculator,calculator,ab5,lost,22/01/2026 0:21,Alina Khan,3927153329
brown flash usb drive,usb,canteen,lost,04/11/2024 17:47,Rida Ali,3610774743
black compact laptop,laptop,mosque,found,01/11/2024 18:43,Rehan Khan,3942215375
brown slim iphone,phone,library,found,28/10/2024 17:09,Noor Fatima,3224765594
brown in-ear earbuds,earbuds,garden,found,28/10/2024 14:18,Rabia Ahmed,3924771401
brown lined notebook,notebook,garden,lost,12/09/2024 23:22,Sohail Ali,3449905637
black university id card,id_card,canteen,lost,12/10/2024 0:25,Yasir Khan,3368529089
brown  iphone,phone,ab3,lost,06/09/2024 22:38,Amna Ali,3996373580
black photo id card,id_card,ab5,lost,07/02/2025 15:40,Qasim Ahmed,3225469292
brown wireless earbuds,earbuds,love garden,found,04/11/2024 21:55,Hassan Ahmed,3351066092
black fast charger,charger,ab4,found,16/09/2024 13:21,Ali Khan,3253122845
black portable charger,charger,ab2,lost,21/10/2024 21:45,Talha Khan,3990922021
brown student id card,id_card,hostel,lost,26/11/2024 9:03,Fatima Ali,3947416619
black shoulder bag,bag,library,lost,19/09/2024 14:09,Rukhsar Khan,3703355934
brown sport watch,watch,mosque,lost,23/10/2024 12:13,Shahzaib Ali,3757597406
black portable charger,charger,ab5,lost,16/10/2024 17:05,Mahnoor Ali,3620724065
brown basic calculator,calculator,ab3,lost,17/10/2024 16:58,Lubna Khan,3852010159
brown pocket notebook,notebook,ab3,lost,18/10/2024 16:58,Shahid Khan,3794081211
airpods apple,earbuds,hostel,lost,13/09/2024 14:33,Tahira Ahmed,3340795356
brown framed glasses,glasses,garden,found,29/10/2024 22:01,Hassan Ahmed,3678554716
black sport earbuds,earbuds,ab2,lost,04/11/2024 13:32,Samina Ahmed,3184005835
black leather wallet,wallet,love garden,lost,29/11/2024 10:54,Tahira Ahmed,3925908760
black framed glasses,glasses,ab3,lost,10/09/2024 18:14,Sadia Ali,3848259775
black touchscreen OPPO phone,phone,ab1,found,18/10/2024 11:53,Hira Shah,3519961831
black touchscreen OPPO phone,phone,ab3,lost,13/11/2024 21:39,Ayesha Khan,3779179045
black noise-cancelling earbuds,earbuds,ab5,lost,12/10/2024 13:50,Parveen Ali,3578056121
black slim OPPO phone,phone,garden,lost,11/10/2025 11:39,Rauf Ahmed,3208962188
brown access id card,id_card,hostel,lost,17/10/2024 13:06,Adeel Khan,3945053739
brown cracked OPPO phone,phone,ab5,lost,05/09/2024 16:21,Usman Ali,3594620571
black pocket calculator,calculator,ab1,lost,11/09/2024 17:57,Salman Khan,3909548237
brown travel umbrella,umbrella,garden,lost,29/10/2024 18:31,Shagufta Ahmed,3144506483
brown shoulder bag,bag,ab1,lost,24/10/2024 23:17,Rehan Khan,3314096007
black cable charger,charger,parking,lost,12/09/2024 21:09,Alina Khan,3729651139
black in-ear earbuds,earbuds,canteen,lost,13/09/2024 17:47,Qasim Ahmed,3134413404
black small notebook,notebook,ab2,lost,01/10/2025 2:31,Junaid Ahmed,3496059308
black noise-cancelling earbuds,earbuds,ab3,lost,17/10/2024 14:32,Junaid Ahmed,3617115350
brown laminated id card,id_card,parking,lost,04/11/2024 17:02,Shazia Ali,3937754437
black android OPPO phone,phone,ab5,lost,29/01/2025 19:06,Naila Khan,3391027664
black solar calculator,calculator,garden,found,30/01/2025 19:06,Kiran Malik,3897462648
brown photo id card,id_card,cc,lost,11/10/2024 20:53,Hadia Khan,3252004557
black photo id card,id_card,garden,lost,19/10/2024 10:22,Sadia Ali,3955315913
brown slim OPPO phone,phone,ab5,lost,02/09/2024 17:31,Fahad Khan,3257000680
brown compact laptop,laptop,love garden,lost,30/10/2024 18:30,Shazia Ali,3152223822
brown photo id card,id_card,canteen,lost,06/09/2024 18:20,Yasir Khan,3821165733
black portable umbrella,umbrella,ab3,found,03/12/2024 13:05,Rizwan Ali,3132813730
black compact usb drive,usb,mosque,lost,03/09/2024 15:18,Adnan Khan,3595156808
brown access id card,id_card,library,lost,21/11/2024 10:40,Parveen Ali,3590807022
brown android OPPO phone,phone,canteen,lost,11/09/2024 10:35,Zubair Ahmed,3694851781
black tagged keys,keys,parking,lost,04/09/2024 17:52,Mehwish Khan,3283864823
black framed glasses,glasses,ab4,found,17/11/2024 21:57,Farah Khan,3238455528
black laminated id card,id_card,ab4,lost,18/09/2024 9:08,Aleena Khan,3990975156
brown sport watch,watch,cc,lost,13/12/2024 15:30,Samina Ahmed,3627505891
brown university id card,id_card,parking,found,14/12/2024 15:30,Naila Khan,3338329592
black portable umbrella,umbrella,ab3,found,15/12/2024 15:30,Hafsa Ali,3204758899
brown sports bottle,bottle,hostel,lost,30/10/2024 13:31,Daniyal Khan,3521842019
black photo id card,id_card,love garden,lost,18/02/2025 15:03,Lubna Khan,3615106549
brown sports bottle,bottle,mosque,lost,29/11/2024 13:10,Daniyal Khan,3438004697
brown bifold wallet,wallet,ab2,lost,12/12/2024 16:26,Waqar Ali,3143907070
black noise-cancelling earbuds,earbuds,library,found,04/11/2024 17:10,Waleed Ahmed,3653888348
brown zipped wallet,wallet,garden,lost,14/11/2024 22:14,Aleena Khan,3385787125
brown small usb drive,usb,ab2,lost,31/01/2025 13:17,Samina Ahmed,3936854041
brown flat keys,keys,ab1,lost,05/12/2024 16:55,Qasim Ahmed,3590314124
black zipped wallet,wallet,ab3,lost,15/12/2024 13:55,Kiran Malik,3633521378
black cracked OPPO phone,phone,ab2,found,16/12/2024 13:55,Noman Khan,3123235722
brown bifold wallet,wallet,garden,lost,27/02/2025 20:30,Shazia Ali,3863810398
black photo id card,id_card,ab2,lost,13/02/2025 11:38,Nadia Ali,3578993578
black handheld calculator,calculator,library,lost,17/04/2025 17:06,Salman Khan,3975255260
brown sports bottle,bottle,library,lost,29/11/2024 16:12,Mehwish Khan,3334540165
black plastic bottle,bottle,cc,found,19/12/2024 23:48,Naila Khan,3644829422
brown tinted glasses,glasses,garden,found,09/04/2025 17:50,Sara Ahmed,3791812240
brown rimless glasses,glasses,hostel,lost,23/04/2025 8:42,Rabia Ahmed,3550249423
black portable laptop,laptop,ab1,lost,20/08/2025 9:08,Zubair Ahmed,3120152036
brown dual-sim OPPO phone,phone,ab4,lost,06/11/2024 23:59,Noor Fatima,3538115993
black travel umbrella,umbrella,ab3,lost,14/02/2025 15:49,Ayesha Khan,3338621914
brown used laptop,laptop,ab5,found,28/04/2026 17:48,Kashif Ali,3740113620
black shoulder bag,bag,parking,lost,12/03/2026 20:37,Anum Ahmed,3529365591
black laminated id card,id_card,hostel,lost,11/07/2025 12:47,Kiran Malik,3441643620
brown card wallet,wallet,love garden,lost,19/12/2024 13:35,Hassan Ahmed,3218008089
black flat keys,keys,ab2,lost,10/02/2025 17:43,Zainab Malik,3200285054
brown wireless earbuds,earbuds,ab1,lost,30/12/2024 14:13,Shazia Ali,3589054031
black android OPPO phone,phone,canteen,lost,31/07/2025 17:34,Fahad Khan,3690592397
brown metal keys,keys,canteen,lost,17/12/2024 15:47,Abdullah Raza,3392776153
black in-ear earbuds,earbuds,library,lost,22/10/2024 12:57,Irfan Ali,3754000792
brown reusable bottle,bottle,ab2,lost,14/02/2026 15:57,Usman Ali,3262369761
brown small keys,keys,canteen,found,13/02/2025 14:23,Adnan Khan,3905874001
brown used laptop,laptop,parking,lost,15/04/2025 22:22,Zain Khan,3504711430
black basic calculator,calculator,ab3,found,16/04/2025 22:22,Yasir Khan,3351939175
black zipped wallet,wallet,ab3,lost,24/01/2025 14:06,Huma Ali,3287668943
black drawstring bag,bag,ab4,lost,04/09/2025 15:13,Nadia Ali,3688119850
black android OPPO phone,phone,garden,lost,06/04/2026 19:02,Ali Khan,3740636052
brown in-ear earbuds,earbuds,mosque,found,08/02/2025 19:00,Zubair Ahmed,3852257871
brown handheld calculator,calculator,mosque,lost,02/01/2025 14:57,Arslan Khan,3435715229
brown student id card,id_card,love garden,lost,07/11/2025 16:42,Farah Khan,3483627953
brown wrist watch,watch,canteen,lost,13/02/2025 22:15,Mehwish Khan,3659042155
brown leather wallet,wallet,library,lost,12/04/2025 14:01,Shahzaib Ali,3333711385
brown access id card,id_card,ab5,lost,09/02/2026 11:11,Usman Ali,3843776078
brown ringed keys,keys,ab2,found,14/12/2025 16:52,Usman Ali,3369489888
brown dual-sim OPPO phone,phone,ab2,lost,30/01/2026 20:03,Aiman Ali,3749020763
brown used laptop,laptop,ab5,lost,17/12/2024 18:11,Sara Ahmed,3485040914
brown laminated id card,id_card,canteen,lost,21/02/2025 15:00,Qasim Ahmed,3508820494
black portable umbrella,umbrella,library,lost,17/02/2025 23:21,Shayan Ali,3436492060
brown laminated id card,id_card,canteen,lost,06/03/2025 23:17,Hania Khan,3493975228
brown water bottle,bottle,ab4,lost,20/04/2025 14:15,Javed Ali,3892333867
brown zipped wallet,wallet,garden,lost,31/01/2025 12:16,Junaid Ahmed,3552460752
brown basic calculator,calculator,ab3,lost,03/09/2024 21:02,Eman Ali,3798148451
black rimless glasses,glasses,ab1,lost,11/11/2024 9:07,Asad Ahmed,3475999187
black touchscreen OPPO phone,phone,garden,lost,13/03/2025 11:58,Ali Khan,3675650395
brown USB-C charger,charger,ab1,lost,23/09/2025 13:45,Waqar Ali,3273304812
brown wireless earbuds,earbuds,ab3,lost,12/11/2025 13:34,Zubair Ahmed,3405804278
brown wireless earbuds,earbuds,ab3,lost,02/06/2025 12:00,Arslan Khan,3263363775
black small keys,keys,garden,found,15/08/2025 14:14,Sehrish Khan,3711765980
black wireless earbuds,earbuds,ab3,lost,09/03/2026 21:03,Javed Ali,3973391098
brown tote bag,bag,hostel,lost,30/12/2024 18:56,Nimra Khan,3618962139
brown sport watch,watch,ab5,lost,25/02/2026 14:54,Eman Ali,3968281887
brown reading glasses,glasses,garden,found,19/02/2026 2:40,Sehrish Khan,3858052063
brown card wallet,wallet,hostel,lost,15/12/2025 15:34,Sobia Khan,3514643101
brown wrist watch,watch,ab2,lost,15/07/2025 12:04,Samina Ahmed,3319157100
brown sport watch,watch,parking,found,01/12/2025 14:50,Qasim Ahmed,3380328595
black compact laptop,laptop,ab5,lost,06/03/2025 20:30,Hassan Ahmed,3449258810
black touchscreen OPPO phone,phone,ab1,lost,04/02/2025 15:59,Alina Khan,3282214005
brown touchscreen OPPO phone,phone,ab1,lost,12/11/2025 18:12,Saad Ahmed,3789762151
black canvas bag,bag,garden,lost,20/05/2025 10:32,Minal Ahmed,3730696284
black slim wallet,wallet,cc,lost,28/04/2026 13:12,Sara Ahmed,3309692391
brown zipper bag,bag,love garden,lost,26/09/2025 9:52,Ahmed Raza,3319559796
brown USB-C charger,charger,ab5,lost,10/09/2025 10:56,Huma Ali,3875540526
black tote bag,bag,love garden,lost,24/05/2025 17:03,Minal Ahmed,3635801509
black university id card,id_card,library,lost,17/02/2026 9:33,Shagufta Ahmed,3693674139
brown wrist watch,watch,love garden,lost,21/04/2025 16:26,Arslan Khan,3505886178
brown noise-cancelling earbuds,earbuds,ab4,found,22/08/2025 12:36,Umar Khan,3875568256
black portable umbrella,umbrella,mosque,lost,23/08/2025 12:36,Anum Ahmed,3964135970
brown handheld calculator,calculator,ab5,found,02/09/2025 15:04,Naveed Khan,3621874918
black lined notebook,notebook,ab2,lost,18/02/2026 15:48,Arslan Khan,3268390369
black wireless earbuds,earbuds,hostel,lost,11/02/2025 10:52,Omar Farooq,3539380028
brown small notebook,notebook,ab2,lost,05/03/2025 12:50,Hafsa Ali,3758359067
black zipped wallet,wallet,ab4,lost,26/09/2025 15:12,Shazia Ali,3612506453
black digital watch,watch,parking,lost,11/04/2025 20:53,Sajid Khan,3795432097
brown cracked OPPO phone,phone,ab3,lost,03/09/2025 15:51,Huma Ali,3891854666
brown travel umbrella,umbrella,garden,found,11/03/2025 11:34,Rizwan Ali,3780042553
black in-ear earbuds,earbuds,library,lost,02/09/2025 14:27,Bushra Ahmed,3768876882
brown sport watch,watch,love garden,found,17/12/2025 22:37,Noman Khan,3807331658
black student id card,id_card,cc,lost,20/02/2026 13:16,Daniyal Khan,3945864192
brown steel bottle,bottle,canteen,lost,04/11/2025 17:47,Minal Ahmed,3499096582
brown photo id card,id_card,parking,found,14/10/2024 15:17,Samina Ahmed,3668873389
brown basic calculator,calculator,love garden,lost,08/09/2025 14:19,Kiran Malik,3474365790
brown fast charger,charger,cc,lost,26/11/2025 15:41,Hamza Ali,3828418896
brown photo id card,id_card,mosque,lost,24/03/2025 11:08,Umar Khan,3111320632
black zipper bag,bag,ab5,found,11/02/2025 15:51,Uzma Ahmed,3677881061
brown sport earbuds,earbuds,cc,lost,01/09/2025 11:46,Noman Khan,3950413277
brown handheld calculator,calculator,library,lost,20/07/2025 16:52,Salman Khan,3246541202
brown university id card,id_card,love garden,lost,19/08/2025 10:19,Hafsa Ali,3371295222
black wall charger,charger,library,lost,21/02/2025 10:37,Ahmed Raza,3625669965
brown spiral notebook,notebook,parking,lost,06/03/2026 10:32,Zubair Ahmed,3668019996
black card wallet,wallet,ab1,lost,22/08/2025 12:00,Mahnoor Ali,3599859421
brown business laptop,laptop,love garden,lost,27/08/2025 10:47,Omar Farooq,3268991571
black card wallet,wallet,cc,lost,11/04/2025 17:18,Hira Shah,3943725742
brown laminated id card,id_card,ab1,lost,22/05/2025 21:03,Sobia Khan,3567086905
black dual-sim OPPO phone,phone,hostel,lost,12/03/2025 11:50,Saad Ahmed,3580405987
brown leather wallet,wallet,ab5,lost,13/08/2025 18:05,Anum Ahmed,3417841379
black android OPPO phone,phone,ab1,lost,16/09/2025 14:23,Mudassir Ali,3672255740
brown small umbrella,umbrella,ab2,found,09/05/2025 11:59,Sidra Khan,3290300729
black compact laptop,laptop,ab3,found,27/04/2026 20:02,Zubair Ahmed,3683711443
brown compact umbrella,umbrella,garden,lost,08/05/2025 15:59,Mahnoor Ali,3807555875
black pocket notebook,notebook,ab2,found,01/03/2025 10:01,Kashif Ali,3777391071
brown canvas bag,bag,library,lost,20/08/2025 14:13,Rabia Ahmed,3257850337
black portable usb drive,usb,ab1,lost,05/08/2025 18:40,Omar Farooq,3977303976
black access id card,id_card,ab3,lost,10/10/2025 13:37,Minal Ahmed,3645203206
brown reusable bottle,bottle,ab5,lost,08/04/2026 12:29,Talha Khan,3505265219
brown tagged keys,keys,ab5,lost,18/12/2025 11:49,Rizwan Ali,3439355610
brown slim OPPO phone,phone,love garden,lost,14/08/2025 9:35,Zubair Ahmed,3251584973
brown solar calculator,calculator,library,lost,01/03/2025 15:51,Rizwan Ali,3511451406
black photo id card,id_card,hostel,lost,21/07/2025 14:01,Daniyal Khan,3548402380
black prescription glasses,glasses,garden,lost,07/10/2025 1:25,Hassan Ahmed,3818537198
black canvas bag,bag,garden,lost,21/04/2026 12:25,Qasim Ahmed,3513313717
brown water bottle,bottle,love garden,lost,31/10/2025 14:59,Bilawal Ali,3405632101
brown spiral notebook,notebook,mosque,found,03/11/2025 11:11,Eman Ali,3239274168
brown compact laptop,laptop,ab3,lost,09/09/2025 20:33,Tehmina Ali,3495907805
black in-ear earbuds,earbuds,ab3,lost,12/08/2025 0:26,Usman Ali,3213859400
brown tote bag,bag,love garden,found,12/08/2025 10:01,Komal Khan,3118719868
brown university id card,id_card,ab1,lost,04/02/2026 21:30,Umar Khan,3567560352
black compact umbrella,umbrella,ab3,lost,20/06/2025 12:01,Sumbul Ahmed,3647906216
brown slim laptop,laptop,hostel,found,16/05/2025 9:10,Imran Ali,3463317384
brown access id card,id_card,ab2,lost,04/10/2025 9:32,Taha Ali,3160892513
black analog watch,watch,garden,found,03/03/2026 23:08,Minal Ahmed,3698706726
brown cracked OPPO phone,phone,ab5,lost,19/02/2026 19:31,Ayesha Khan,3985372974
brown slim wallet,wallet,canteen,lost,07/03/2025 14:38,Ali Khan,3293658688
black spiral notebook,notebook,ab5,lost,04/06/2025 16:32,Huzaifa Ahmed,3642168090
black ringed keys,keys,canteen,lost,23/04/2026 2:11,Javed Ali,3431904260
brown slim laptop,laptop,ab2,lost,24/05/2025 17:50,Rizwan Ali,3160768962
black leather wallet,wallet,love garden,lost,26/01/2026 12:43,Mahnoor Ali,3439693828
black zipped wallet,wallet,garden,lost,13/03/2025 13:45,Huzaifa Ahmed,3148734606
brown cracked OPPO phone,phone,ab4,lost,09/12/2025 20:21,Shazia Ali,3882961101
brown 64gb usb drive,usb,canteen,found,09/10/2025 21:26,Sohail Ali,3476352783
black in-ear earbuds,earbuds,garden,found,19/09/2025 13:30,Hira Shah,3188197230
black zipped wallet,wallet,ab5,lost,12/03/2026 19:21,Fahad Khan,3545613561
brown compact earbuds,earbuds,hostel,lost,02/09/2025 1:00,Zain Khan,3284040821
black university id card,id_card,cc,lost,22/05/2025 19:00,Anaya Ali,3217862092
black hard-cover notebook,notebook,hostel,lost,29/05/2025 16:14,Shazia Ali,3277005286
brown zipper bag,bag,hostel,lost,04/03/2025 12:25,Ayesha Khan,3668051888
brown water bottle,bottle,mosque,lost,11/11/2025 10:32,Kiran Malik,3358463362
brown portable charger,charger,canteen,lost,24/10/2025 13:04,Daniyal Khan,3623506938
brown USB-C charger,charger,love garden,lost,04/09/2025 11:44,Ayesha Khan,3898003762
brown business laptop,laptop,library,lost,02/11/2025 16:32,Uzma Ahmed,3669643746
black slim wallet,wallet,ab1,lost,29/10/2025 12:23,Rida Ali,3184216063
brown scientific calculator,calculator,library,found,30/10/2025 12:23,Talha Khan,3850698155
black small notebook,notebook,cc,lost,29/05/2025 23:13,Waleed Ahmed,3319064902
black android OPPO phone,phone,mosque,lost,26/02/2025 22:46,Adeel Khan,3109780624
brown laminated id card,id_card,library,lost,26/09/2025 17:13,Shazia Ali,3630361995
black card wallet,wallet,ab2,lost,05/03/2026 13:40,Maham Ali,3135277608
black reading glasses,glasses,cc,lost,22/04/2026 11:00,Areeba Ahmed,3806766808
black sport earbuds,earbuds,ab4,found,05/05/2025 10:05,Fiza Ahmed,3763359254
black laminated id card,id_card,garden,lost,08/09/2025 14:49,Amna Ali,3489889722
brown laminated id card,id_card,ab3,lost,07/11/2025 18:50,Talha Khan,3317416900
black business laptop,laptop,parking,lost,22/10/2025 20:09,Parveen Ali,3625968366
black touchscreen OPPO phone,phone,ab5,lost,20/09/2025 23:16,Hira Shah,3746644622
brown touchscreen OPPO phone,phone,ab2,found,01/09/2025 15:19,Akram Ahmed,3319064240
black slim laptop,laptop,ab3,lost,23/11/2025 22:37,Ayesha Khan,3151848150
black metal keys,keys,canteen,lost,21/01/2026 11:02,Ayesha Khan,3549393001
brown plastic bottle,bottle,mosque,found,12/11/2025 12:45,Qasim Ahmed,3477937960
brown slim wallet,wallet,canteen,found,23/05/2025 16:16,Noman Khan,3802784146
black tote bag,bag,love garden,found,07/04/2026 11:46,Rizwan Ali,3505323718
black laminated id card,id_card,ab3,lost,01/09/2025 14:53,Rukhsar Khan,3411249744
brown tinted glasses,glasses,ab2,lost,02/09/2025 8:36,Kamran Ahmed,3153072700
black shoulder bag,bag,ab5,found,29/10/2025 23:06,Areeba Ahmed,3824471505
brown zipped wallet,wallet,cc,found,01/03/2025 11:52,Aleena Khan,3537697411
brown card wallet,wallet,mosque,found,18/06/2025 14:15,Lubna Khan,3632044648
black small keys,keys,love garden,lost,18/04/2025 12:16,Huma Ali,3546251227
black card wallet,wallet,ab3,found,15/04/2026 10:13,Kashif Ali,3759786989
black drawstring bag,bag,mosque,found,12/03/2026 15:32,Shahzaib Ali,3471728554
brown slim OPPO phone,phone,parking,lost,22/07/2025 17:29,Ayesha Khan,3276830458
black flash usb drive,usb,ab5,lost,12/03/2025 13:03,Rida Ali,3974759688
brown Gucci bag,bag,ab1,lost,24/02/2026 10:33,Kashif Ali,3545487271
brown small keys,keys,library,found,28/01/2026 14:07,Bilawal Ali,3195686029
black sports bottle,bottle,ab1,lost,30/07/2025 16:08,Samina Ahmed,3428374037
brown metal keys,keys,hostel,lost,13/04/2025 19:05,Rauf Ahmed,3142502788
black bifold wallet,wallet,love garden,lost,13/02/2026 1:08,Amna Ali,3274324056
black USB-C charger,charger,hostel,lost,19/05/2025 18:02,Salman Khan,3327681607
black pocket notebook,notebook,ab4,lost,22/07/2025 17:12,Areeba Ahmed,3277618823
brown slim OPPO phone,phone,garden,lost,23/12/2025 14:38,Qasim Ahmed,3833439130
brown zipped wallet,wallet,ab4,lost,21/01/2026 17:22,Adnan Khan,3512536251
brown slim laptop,laptop,parking,lost,31/05/2025 0:09,Bilawal Ali,3564810950
black handheld calculator,calculator,ab1,lost,15/09/2025 20:44,Naila Khan,3320136846
black photo id card,id_card,ab2,lost,14/11/2025 13:45,Tanveer Khan,3442274807
brown zipper bag,bag,ab1,lost,29/09/2025 16:17,Iqra Khan,3708551333
brown bifold wallet,wallet,hostel,lost,08/05/2025 15:31,Nimra Khan,3471183517
brown canvas bag,bag,ab5,lost,26/04/2025 0:28,Yasir Khan,3217956656
brown wireless earbuds,earbuds,ab2,lost,06/10/2025 22:28,Tanveer Khan,3386050245
brown in-ear earbuds,earbuds,love garden,lost,24/08/2025 11:36,Hania Khan,3374760624
brown steel bottle,bottle,ab4,lost,18/02/2026 6:27,Zainab Malik,3493025744
brown touchscreen OPPO phone,phone,garden,lost,11/11/2025 14:12,Abdullah Raza,3110893023
brown android OPPO phone,phone,ab3,lost,24/04/2025 21:32,Bilal Khan,3228378085
black slim wallet,wallet,garden,lost,24/04/2025 13:03,Haroon Ahmed,3385151187
black leather-strap watch,watch,mosque,lost,16/05/2025 9:58,Shayan Ali,3614870879
black tote bag,bag,ab5,lost,13/11/2025 17:51,Naveed Khan,3984468952
black dual-sim OPPO phone,phone,ab2,lost,01/09/2025 14:25,Sidra Khan,3898320968
black portable umbrella,umbrella,canteen,found,16/06/2025 19:25,Nadia Ali,3117936637
brown student id card,id_card,hostel,lost,11/03/2025 10:54,Naila Khan,3264735546
brown tote bag,bag,garden,lost,15/05/2025 18:19,Umar Khan,3783859667
brown android OPPO phone,phone,mosque,lost,10/04/2025 16:41,Rida Ali,3226351039
brown dual-sim OPPO phone,phone,garden,lost,26/08/2025 21:47,Ahmed Raza,3918332037
brown compact earbuds,earbuds,ab5,found,20/08/2025 22:34,Rukhsar Khan,3192019238
black sport earbuds,earbuds,ab2,found,29/11/2025 17:53,Imran Ali,3535622817
black laminated id card,id_card,cc,lost,17/09/2025 13:47,Noman Khan,3565945756
brown prescription glasses,glasses,garden,lost,12/08/2025 14:58,Hania Khan,3311573997
black university id card,id_card,ab4,found,13/08/2025 14:58,Rehan Khan,3850407837
brown wireless earbuds,earbuds,ab4,lost,14/08/2025 14:58,Adnan Khan,3279717910
brown small notebook,notebook,mosque,found,15/08/2025 14:58,Akram Ahmed,3792688454
black in-ear earbuds,earbuds,canteen,found,07/10/2025 9:04,Hadia Khan,3304943669
black portable umbrella,umbrella,hostel,lost,22/09/2025 14:44,Sadia Ali,3589264304
brown android OPPO phone,phone,canteen,lost,28/01/2026 7:34,Mehwish Khan,3643614843
black compact earbuds,earbuds,library,lost,04/08/2025 21:12,Asad Ahmed,3386885313
brown pocket notebook,notebook,mosque,lost,26/11/2025 14:51,Javed Ali,3128443412
brown android OPPO phone,phone,hostel,lost,27/11/2025 14:51,Rauf Ahmed,3597414676
black pocket calculator,calculator,parking,found,09/12/2025 15:27,Shahzaib Ali,3468545073
brown slim wallet,wallet,canteen,found,10/10/2025 19:17,Kinza Ahmed,3712151846
black flash usb drive,usb,cc,found,16/04/2025 14:02,Eman Ali,3597900833
black sport earbuds,earbuds,ab3,lost,26/05/2025 14:48,Arslan Khan,3287268171
black photo id card,id_card,ab5,lost,11/03/2026 19:20,Adnan Khan,3978606630
brown slim OPPO phone,phone,love garden,lost,23/09/2025 16:54,Zain Khan,3699510995
brown laminated id card,id_card,ab5,lost,18/08/2025 16:19,Aleena Khan,3791364909
brown wrist watch,watch,library,found,12/12/2025 19:12,Farah Khan,3356724549
brown dual-sim OPPO phone,phone,parking,lost,24/04/2025 18:29,Huma Ali,3569491229
black slim wallet,wallet,ab5,lost,05/06/2025 10:01,Salman Khan,3833011089
black laminated id card,id_card,ab4,lost,15/04/2025 14:17,Shagufta Ahmed,3668354269
black folding umbrella,umbrella,garden,lost,01/09/2025 18:52,Bilawal Ali,3706714374
brown basic calculator,calculator,ab3,lost,21/08/2025 10:47,Huzaifa Ahmed,3436277683
brown rimless glasses,glasses,garden,lost,01/12/2025 9:06,Alina Khan,3168054600
brown photo id card,id_card,parking,found,19/02/2026 12:45,Lubna Khan,3567955290
brown compact umbrella,umbrella,ab5,lost,25/11/2025 2:00,Fiza Ahmed,3982753326
black bifold wallet,wallet,ab4,lost,19/12/2025 23:35,Omar Farooq,3440619381
brown water bottle,bottle,garden,lost,07/04/2026 16:47,Omar Farooq,3841731003
brown dual-sim Xiome phone,phone,ab4,found,03/02/2026 14:17,Noor Fatima,3509639553
brown drawstring bag,bag,library,lost,28/01/2026 21:15,Uzma Ahmed,3947274547
brown wireless earbuds,earbuds,ab3,lost,05/11/2025 13:21,Sadia Ali,3450994739
black basic calculator,calculator,love garden,lost,01/12/2025 17:11,Bushra Ahmed,3376421496
black android Xiome phone,phone,parking,found,01/05/2025 12:49,Sajid Khan,3196216035
black university id card,id_card,canteen,lost,28/08/2025 10:21,Haroon Ahmed,3675557292
black zipper bag,bag,canteen,found,20/03/2025 12:29,Uzma Ahmed,3232504775
brown cracked Xiome phone,phone,ab3,lost,11/07/2025 10:40,Ali Khan,3279752385
brown shoulder bag,bag,garden,lost,21/11/2025 9:34,Rida Ali,3880775419
black slim Xiome phone,phone,canteen,lost,19/08/2025 16:32,Yasir Khan,3406500345
brown tagged keys,keys,mosque,lost,26/09/2025 17:41,Noman Khan,3228437415
black slim Xiome phone,phone,hostel,found,08/04/2026 10:10,Huma Ali,3494966779
black flat keys,keys,ab3,lost,10/04/2025 12:38,Sajid Khan,3854082678
brown spiral notebook,notebook,ab5,found,04/06/2025 8:59,Komal Khan,3153856180
brown wireless earbuds,earbuds,ab3,lost,15/10/2025 12:11,Lubna Khan,3922008902
brown scientific calculator,calculator,cc,lost,07/10/2025 19:32,Zubair Ahmed,3757016587
brown analog watch,watch,ab1,found,08/10/2025 19:32,Areeba Ahmed,3866042217
brown sport earbuds,earbuds,ab3,lost,19/12/2025 14:15,Tahira Ahmed,3494471026
brown sport earbuds,earbuds,parking,lost,31/10/2025 17:16,Yasir Khan,3279685409
brown slim Xiome phone,phone,mosque,lost,08/04/2026 17:06,Minal Ahmed,3562106212
brown USB-C charger,charger,canteen,lost,11/09/2025 23:26,Salman Khan,3921439786
brown android Xiome phone,phone,mosque,found,03/02/2026 13:23,Sadia Ali,3236961555
brown portable laptop,laptop,ab4,lost,29/04/2025 10:51,Fiza Ahmed,3742430267
brown university id card,id_card,parking,lost,14/02/2026 19:25,Zainab Malik,3157548486
channel hand bag,bag,library,lost,14/04/2026 14:29,Haroon Ahmed,3352874460
black portable laptop,laptop,garden,lost,25/10/2025 21:59,Farah Khan,3561183636
brown access id card,id_card,hostel,lost,08/04/2026 13:11,Areeba Ahmed,3439088891
brown sport watch,watch,library,found,26/01/2026 19:54,Salman Khan,3550024864
black photo id card,id_card,ab1,found,13/02/2026 9:04,Zubair Ahmed,3576142427
blue bag,bag,cc,lost,19/02/2026 14:49,Taha Ali,3876133433
black wrist watch,watch,canteen,found,14/04/2025 17:04,Hira Shah,3946198765
black USB-C charger,charger,canteen,lost,05/03/2026 21:29,Ayesha Khan,3502674900
black handheld calculator,calculator,ab3,found,25/09/2025 13:22,Nimra Khan,3152618816
black steel bottle,bottle,garden,lost,27/11/2025 23:09,Shagufta Ahmed,3526380989
brown digital watch,watch,garden,found,15/11/2025 0:22,Akram Ahmed,3848274689
black android Xiome phone,phone,library,lost,15/04/2026 16:29,Omar Farooq,3641404979
black bifold wallet,wallet,hostel,lost,05/06/2025 15:15,Fiza Ahmed,3770954039
black portable laptop,laptop,parking,lost,17/11/2025 18:40,Maham Ali,3866882448
black wireless earbuds,earbuds,canteen,found,31/01/2026 19:34,Omar Farooq,3809341410
black canvas bag,bag,ab1,found,08/05/2025 12:37,Areeba Ahmed,3338702847
brown sport earbuds,earbuds,ab5,lost,24/04/2025 15:54,Irfan Ali,3439958424
brown compact laptop,laptop,hostel,found,09/12/2025 21:08,Ahsan Khan,3314670153
brown compact earbuds,earbuds,cc,lost,02/02/2026 11:48,Shazia Ali,3800788045
black hard-cover notebook,notebook,ab3,lost,27/05/2025 10:36,Farah Khan,3342967385
black in-ear earbuds,earbuds,ab5,found,11/11/2025 16:05,Zainab Malik,3312704540
brown cracked Xiome phone,phone,mosque,lost,23/04/2025 14:02,Haroon Ahmed,3839450235
brown sport watch,watch,love garden,lost,10/12/2025 10:19,Zain Khan,3249675129
black solar calculator,calculator,ab2,lost,27/05/2025 18:23,Sohail Ali,3864200183
black compact earbuds,earbuds,cc,lost,19/05/2025 12:12,Ali Khan,3521076137
brown in-ear earbuds,earbuds,mosque,found,13/05/2025 21:06,Shagufta Ahmed,3148995545
black USB-C charger,charger,mosque,lost,18/09/2025 12:28,Hafsa Ali,3896831139
headXiome phones wireless,earbuds,canteen,found,10/12/2025 12:54,Parveen Ali,3326166182
brown business laptop,laptop,ab1,lost,19/08/2025 18:37,Zainab Malik,3575000155
black wireless earbuds,earbuds,garden,lost,27/04/2026 17:14,Yasir Khan,3990374369
brown zipped wallet,wallet,mosque,found,12/08/2025 14:11,Rabia Ahmed,3906985492
black basic calculator,calculator,ab4,lost,10/11/2025 18:29,Nimra Khan,3484200289
black university id card,id_card,cc,lost,30/09/2025 13:46,Mehwish Khan,3548100709
brown reusable bottle,bottle,garden,lost,29/09/2025 11:31,Naila Khan,3715825256
black slim laptop,laptop,ab2,lost,20/04/2026 17:41,Naila Khan,3312447877
brown student id card,id_card,library,lost,01/10/2025 20:17,Anaya Ali,3834351471
brown android Xiome phone,phone,canteen,found,20/02/2026 19:18,Shagufta Ahmed,3735995091
black metal keys,keys,love garden,found,21/02/2026 19:18,Aleena Khan,3409624851
black photo id card,id_card,ab3,lost,23/10/2025 14:55,Naveed Khan,3472238840
brown access id card,id_card,ab4,lost,26/11/2025 17:59,Shahzaib Ali,3713897381
black compact earbuds,earbuds,parking,found,09/12/2025 18:45,Mehwish Khan,3335714245
brown university id card,id_card,mosque,found,22/09/2025 17:51,Junaid Ahmed,3865819013
brown photo id card,id_card,ab5,lost,23/04/2026 11:12,Nadia Ali,3557225831
brown dual-sim Xiome phone,phone,mosque,lost,18/02/2026 10:47,Naveed Khan,3195442708
black bifold wallet,wallet,parking,lost,10/11/2025 16:58,Aleena Khan,3124568789
black bifold wallet,wallet,mosque,found,11/12/2025 16:59,Hadia Khan,3870044778
black sport watch,watch,hostel,lost,11/09/2025 15:21,Qasim Ahmed,3171528713
brown bifold wallet,wallet,parking,found,14/04/2025 12:57,Hira Shah,3194973545
brown sport earbuds,earbuds,ab5,lost,17/12/2025 15:56,Qasim Ahmed,3143332476
black framed glasses,glasses,mosque,lost,22/01/2026 16:15,Sumbul Ahmed,3966534378
black tinted glasses,glasses,love garden,lost,11/02/2026 14:17,Ayesha Khan,3690446056
black steel bottle,bottle,garden,found,01/11/2025 23:59,Naveed Khan,3660723083
brown wall charger,charger,ab3,lost,16/04/2025 11:13,Adeel Khan,3826089942
black dual-sim Xiome phone,phone,ab2,lost,27/08/2025 18:45,Farhan Ahmed,3439911527
black bifold wallet,wallet,hostel,lost,09/12/2025 16:25,Umar Khan,3135108504
brown compact earbuds,earbuds,love garden,lost,01/10/2025 17:38,Mehwish Khan,3970740723
black portable umbrella,umbrella,ab3,found,02/10/2025 17:38,Anaya Ali,3632194799
black rimless glasses,glasses,ab3,lost,15/04/2025 14:10,Rida Ali,3879595129
brown slim laptop,laptop,library,found,24/05/2025 3:36,Shahzaib Ali,3734679686
brown steel bottle,bottle,cc,found,08/04/2026 2:22,Farhan Ahmed,3409835260
black lined notebook,notebook,cc,found,10/02/2026 19:14,Sobia Khan,3316664736
brown small umbrella,umbrella,mosque,lost,03/06/2025 18:02,Uzma Ahmed,3317859652
black lined notebook,notebook,parking,lost,30/05/2025 13:07,Aleena Khan,3649452877
black portable laptop,laptop,parking,lost,13/12/2024 12:05,Sajid Khan,3782426901
black bifold wallet,wallet,library,lost,19/11/2024 15:01,Sehrish Khan,3860507000
black portable charger,charger,parking,found,01/11/2024 0:30,Usman Ali,3623232057
black steel bottle,bottle,hostel,lost,02/12/2024 16:36,Asad Ahmed,3806738460
black reusable bottle,bottle,love garden,lost,06/08/2025 11:08,Shahzaib Ali,3797409874
brown portable laptop,laptop,cc,lost,28/02/2025 15:26,Noor Fatima,3702833690
black portable laptop,laptop,garden,lost,15/11/2025 14:58,Sobia Khan,3843646434
black zipped wallet,wallet,parking,found,20/11/2024 21:55,Haroon Ahmed,3808542806
black slim Xiome phone,phone,mosque,lost,15/08/2025 9:56,Rida Ali,3655275094
brown laminated id card,id_card,ab3,lost,11/02/2026 12:39,Salman Khan,3153628870
brown card wallet,wallet,parking,lost,23/05/2025 17:48,Areeba Ahmed,3358428512
brown photo id card,id_card,ab1,lost,12/12/2025 10:03,Imran Ali,3434950386
black compact laptop,laptop,ab5,lost,01/11/2025 13:01,Ali Khan,3662032635
black bifold wallet,wallet,cc,lost,04/12/2024 16:56,Ahsan Khan,3948642038
brown zipper bag,bag,ab4,lost,12/12/2025 16:44,Rizwan Ali,3862082428
brown sport watch,watch,ab5,lost,31/05/2025 0:54,Mudassir Ali,3690270704
brown leather-strap watch,watch,library,lost,27/09/2025 18:57,Shayan Ali,3480239533
brown small umbrella,umbrella,ab1,lost,05/03/2026 17:03,Hassan Ahmed,3641177650
brown laminated id card,id_card,garden,lost,14/10/2024 19:31,Qasim Ahmed,3224893329
black tinted glasses,glasses,ab1,lost,08/11/2024 1:52,Minal Ahmed,3271215473
black university id card,id_card,ab3,lost,27/04/2026 10:43,Sohail Ali,3385112142
black leather-strap watch,watch,ab4,lost,02/10/2025 20:09,Hassan Ahmed,3445518599
brown access id card,id_card,ab5,lost,03/10/2025 20:09,Parveen Ali,3200922500
black card wallet,wallet,ab5,lost,07/03/2026 0:36,Minal Ahmed,3817987313
black steel bottle,bottle,ab5,found,18/08/2025 11:53,Minal Ahmed,3387328440
black touchscreen Xiome phone,phone,love garden,lost,25/09/2025 17:56,Amna Ali,3853297469
lenovo thinkpad,laptop,hostel,lost,11/10/2025 18:45,Huzaifa Ahmed,3933306675
brown in-ear earbuds,earbuds,ab5,lost,01/10/2025 12:45,Eman Ali,3150606676
black small keys,keys,library,lost,13/01/2026 16:35,Rauf Ahmed,3907675985
black laminated id card,id_card,ab2,lost,14/10/2025 17:45,Sehrish Khan,3914958191
brown business laptop,laptop,love garden,lost,24/04/2025 15:24,Bilal Khan,3232913160
black in-ear earbuds,earbuds,parking,lost,08/04/2026 13:25,Shayan Ali,3673759884
black small umbrella,umbrella,ab1,lost,10/02/2026 22:44,Sohail Ali,3810911186
brown laminated id card,id_card,love garden,lost,14/03/2026 15:32,Noor Fatima,3507976519
brown wireless earbuds,earbuds,garden,lost,20/02/2026 17:11,Abdullah Raza,3448501341
brown compact umbrella,umbrella,garden,lost,22/01/2025 17:22,Laiba Khan,3745227135
black cable charger,charger,parking,lost,16/10/2025 10:54,Sobia Khan,3141335121
black cable charger,charger,garden,lost,26/05/2025 12:45,Shazia Ali,3931639048
black touchscreen Motorolla phone,phone,ab1,lost,15/12/2025 13:36,Sadia Ali,3240111214
black wrist watch,watch,ab2,lost,06/06/2025 21:06,Akram Ahmed,3983084805
brown touchscreen Motorolla phone,phone,ab1,lost,02/08/2025 14:36,Hadia Khan,3409655914
brown leather-strap watch,watch,parking,found,02/03/2026 15:48,Amna Ali,3347879383
black slim laptop,laptop,mosque,lost,13/11/2025 16:52,Anaya Ali,3700771666
black wrist watch,watch,hostel,lost,13/02/2025 20:09,Anum Ahmed,3768600067
black compact umbrella,umbrella,mosque,lost,14/02/2025 20:09,Hania Khan,3904669517
brown slim laptop,laptop,cc,lost,15/02/2025 20:09,Naila Khan,3946259203
brown laminated id card,id_card,ab3,lost,31/10/2025 16:41,Anum Ahmed,3800353312
brown student id card,id_card,ab2,found,18/04/2025 13:17,Sehrish Khan,3388101242
black prescription glasses,glasses,love garden,lost,18/12/2025 16:34,Huma Ali,3267324367
brown dual-sim Motorolla phone,phone,ab5,lost,30/04/2025 14:23,Kamran Ahmed,3551476523
brown student id card,id_card,ab3,lost,22/05/2025 16:56,Waleed Ahmed,3632696515
black zipped wallet,wallet,ab3,lost,12/02/2026 22:56,Tahira Ahmed,3504414949
black sport earbuds,earbuds,library,lost,20/09/2025 14:40,Mehwish Khan,3508584779
black fast charger,charger,mosque,lost,17/09/2025 16:31,Mudassir Ali,3911089271
brown photo id card,id_card,ab3,lost,21/10/2024 12:23,Huma Ali,3934267341
black tinted glasses,glasses,hostel,found,06/10/2025 16:56,Hira Shah,3877631364
brown tagged keys,keys,hostel,lost,03/10/2025 17:43,Sohail Ali,3911337700
brown tagged keys,keys,ab3,found,27/08/2025 0:14,Abdullah Raza,3113559932
black sport earbuds,earbuds,canteen,found,09/03/2026 17:44,Fiza Ahmed,3405104384
brown flash usb drive,usb,cc,lost,13/11/2025 19:21,Javed Ali,3377420890
black photo id card,id_card,ab5,found,28/08/2025 9:44,Shahzaib Ali,3115333216
brown shoulder bag,bag,canteen,lost,14/05/2025 20:28,Asad Ahmed,3757854366
brown university id card,id_card,library,found,25/11/2025 13:36,Adnan Khan,3551667782
brown student id card,id_card,canteen,lost,07/11/2024 13:31,Talha Khan,3988337735
brown spiral notebook,notebook,love garden,found,09/02/2026 23:30,Hania Khan,3359072426
brown portable laptop,laptop,canteen,lost,30/08/2025 9:42,Hassan Ahmed,3580287131
black sport watch,watch,ab3,lost,02/03/2026 16:32,Sobia Khan,3719705882
brown laminated id card,id_card,hostel,lost,21/05/2025 9:27,Laiba Khan,3530794931
black wrist watch,watch,garden,lost,18/08/2025 16:43,Waqar Ali,3927885436
brown portable usb drive,usb,ab1,lost,19/05/2025 9:49,Sajid Khan,3505747076
brown basic calculator,calculator,library,lost,24/05/2025 11:45,Rizwan Ali,3683940337
black leather wallet,wallet,ab4,lost,30/10/2025 20:03,Hassan Ahmed,3465257752
black photo id card,id_card,ab4,lost,31/01/2025 19:21,Fahad Khan,3764854031
black compact earbuds,earbuds,cc,lost,24/05/2025 15:36,Shahid Khan,3942425905
black student id card,id_card,library,lost,11/02/2025 14:12,Rauf Ahmed,3357119724
black slim laptop,laptop,love garden,lost,12/12/2025 22:59,Rukhsar Khan,3751715355
brown cracked Motorolla phone,phone,mosque,found,04/09/2025 15:02,Omar Farooq,3806653636
brown dual-sim Motorolla phone,phone,love garden,lost,05/03/2026 11:59,Naveed Khan,3766209222
brown compact earbuds,earbuds,ab4,lost,10/09/2025 22:20,Areeba Ahmed,3393764240
black digital watch,watch,cc,lost,17/04/2025 10:05,Mudassir Ali,3730399141
brown ringed keys,keys,ab2,found,26/02/2025 22:37,Parveen Ali,3359891702
black compact earbuds,earbuds,ab3,lost,17/04/2025 18:04,Mahnoor Ali,3850733972
brown wireless earbuds,earbuds,ab2,found,19/02/2026 5:48,Anum Ahmed,3385961872
brown in-ear earbuds,earbuds,ab4,lost,02/10/2025 0:39,Kiran Malik,3572473085
brown sports bottle,bottle,ab3,lost,11/07/2025 16:50,Ayesha Khan,3854151002
brown cracked Motorolla phone,phone,ab3,lost,02/05/2025 18:21,Kinza Ahmed,3156054918
black slim Motorolla phone,phone,ab5,lost,11/12/2024 16:40,Asad Ahmed,3296741265
brown small usb drive,usb,ab1,lost,17/02/2025 19:55,Rida Ali,3462097766
brown USB-C charger,charger,cc,lost,07/04/2026 22:35,Naveed Khan,3429944555
brown student id card,id_card,ab2,found,08/04/2026 22:35,Zubair Ahmed,3400811497
brown access id card,id_card,ab2,lost,09/04/2026 22:35,Sehrish Khan,3109990675
black dual-sim Motorolla phone,phone,ab5,lost,09/09/2025 21:45,Hafsa Ali,3928319266
brown university id card,id_card,love garden,lost,28/02/2025 11:20,Ayesha Khan,3836837439
black scientific calculator,calculator,canteen,found,16/07/2025 9:40,Laiba Khan,3141739768
brown bifold wallet,wallet,ab1,lost,13/02/2025 12:09,Shahid Khan,3169780737
brown photo id card,id_card,mosque,lost,10/10/2025 15:38,Junaid Ahmed,3742390575
brown zipper bag,bag,library,lost,27/04/2026 17:29,Zainab Malik,3504987523
brown wrist watch,watch,ab4,lost,05/06/2025 21:15,Talha Khan,3965405501
brown water bottle,bottle,canteen,found,24/05/2025 18:19,Javed Ali,3211654818
brown compact laptop,laptop,canteen,lost,16/05/2025 12:47,Umar Khan,3362206505
brown pocket notebook,notebook,ab3,lost,04/12/2025 20:20,Anaya Ali,3559323892
black water bottle,bottle,mosque,lost,24/10/2024 14:50,Aiman Ali,3297763829
brown business laptop,laptop,love garden,lost,22/09/2025 14:54,Akram Ahmed,3268153914
black water bottle,bottle,garden,lost,05/06/2025 15:15,Hadia Khan,3965251848
black reusable bottle,bottle,ab3,lost,28/05/2025 13:15,Parveen Ali,3963326107
brown spiral notebook,notebook,hostel,lost,22/01/2025 6:36,Farah Khan,3256104629
black flash usb drive,usb,garden,found,10/12/2024 12:23,Sidra Khan,3963082235
black solar calculator,calculator,mosque,lost,30/01/2026 21:40,Zubair Ahmed,3634927838
brown sports bottle,bottle,love garden,lost,03/11/2025 12:58,Asad Ahmed,3735035102
black reusable bottle,bottle,ab3,lost,16/09/2025 20:19,Sohail Ali,3272282626
black photo id card,id_card,ab3,lost,01/10/2025 18:43,Sadia Ali,3656212187
brown solar calculator,calculator,ab3,lost,23/04/2025 13:05,Zain Khan,3598302829
brown scientific calculator,calculator,cc,lost,23/04/2026 20:49,Junaid Ahmed,3707505982
black handheld calculator,calculator,canteen,lost,15/10/2025 14:04,Kamran Ahmed,3885438354
brown photo id card,id_card,ab4,lost,11/09/2024 10:30,Rehan Khan,3114710733
brown compact earbuds,earbuds,parking,lost,08/04/2025 8:32,Parveen Ali,3925952118
black wireless earbuds,earbuds,parking,lost,21/07/2025 15:01,Aleena Khan,3645539778
black tagged keys,keys,library,lost,12/10/2025 21:59,Komal Khan,3724835744
brown card wallet,wallet,ab3,lost,11/09/2024 17:38,Shahid Khan,3734280746
brown handheld calculator,calculator,ab2,lost,16/09/2025 9:08,Imran Ali,3934334792
black university id card,id_card,cc,lost,20/12/2025 19:14,Sidra Khan,3322484958
brown sports bottle,bottle,ab5,lost,05/06/2025 8:59,Hassan Ahmed,3710932274
black card wallet,wallet,ab5,found,10/09/2024 13:31,Mahnoor Ali,3988579866
brown leather-strap watch,watch,garden,found,26/02/2025 22:16,Saad Ahmed,3272466793
black slim wallet,wallet,ab2,found,19/05/2025 13:49,Sidra Khan,3590638696
black water bottle,bottle,canteen,lost,24/10/2025 18:09,Tanveer Khan,3984085361
brown laminated id card,id_card,ab4,lost,13/11/2024 11:53,Shagufta Ahmed,3860089065
brown student id card,id_card,garden,lost,18/09/2024 18:40,Sehrish Khan,3194429203
brown cracked Motorolla phone,phone,mosque,lost,01/10/2025 22:02,Naila Khan,3419920836
black handheld calculator,calculator,ab2,found,21/04/2026 7:59,Adeel Khan,3294495444
brown wrist watch,watch,ab5,found,20/04/2026 19:03,Mahnoor Ali,3152582740
black laminated id card,id_card,canteen,lost,29/11/2024 16:17,Kamran Ahmed,3955165150
wireless black,earbuds,garden,lost,29/10/2025 8:52,Sobia Khan,3907141591
brown small notebook,notebook,ab1,lost,19/05/2025 13:34,Komal Khan,3597168372
black student id card,id_card,hostel,lost,11/02/2026 15:47,Hira Shah,3142257686
black noise-cancelling earbuds,earbuds,ab2,lost,05/09/2024 19:49,Naila Khan,3527854984
black in-ear earbuds,earbuds,ab5,lost,06/09/2024 19:49,Parveen Ali,3724128563
black wrist watch,watch,mosque,found,04/03/2026 15:09,Daniyal Khan,3658286795
brown slim Motorolla phone,phone,cc,found,19/02/2026 13:06,Usman Ali,3300396180
black dual-sim Motorolla phone,phone,library,lost,02/06/2025 21:15,Shahzaib Ali,3897878153
black slim laptop,laptop,library,lost,09/07/2025 12:13,Sajid Khan,3562034343
brown hard-cover notebook,notebook,mosque,lost,02/10/2025 9:52,Anaya Ali,3158495268
brown card wallet,wallet,love garden,lost,18/09/2024 13:31,Bilawal Ali,3281031502
clean_text,category,location,status,date,name,contact
black faculty id card,id_card,ab5,found,22/02/2025 08:58,Fariha Hashmi,3341700239
black magnetic id card,id_card,cc,lost,17/07/2024 08:00,Tehmina Bhatti,3159970049
brown library id card,id_card,parking,lost,21/04/2026 14:55,Shahzaib Qureshi,3268900281
brown university id card,id_card,ab4,found,10/05/2024 09:13,Palwasha Cheema,3438705940
black library id card,id_card,hostel,lost,23/09/2024 13:16,Tariq Farooq,3280027644
grey institute id card,id_card,cc,lost,16/10/2024 13:50,Tahira Warraich,3317737502
brown plastic id card,id_card,mosque,lost,23/12/2025 18:54,Shahzaib Raza,3380424350
grey access id card,id_card,garden,lost,19/01/2024 18:04,Bushra Cheema,3372231836
brown photo id card,id_card,cc,lost,24/11/2025 19:17,Erum Khawaja,3133797345
grey staff id card,id_card,ab2,found,14/05/2025 22:03,Qurrat Hashmi,3366058353
black access id card,id_card,cc,lost,03/03/2025 17:09,Hira Dogar,3093952447
white hologram id card,id_card,library,lost,18/01/2024 15:31,Xeenia Qureshi,3153694463
blue faculty id card,id_card,hostel,found,16/11/2024 19:51,Naeem Dar,3438803566
blue photo id card,id_card,hostel,lost,31/01/2024 19:18,Gul Siddiqui,3251272293
grey magnetic id card,id_card,canteen,lost,08/12/2024 08:49,Kareem Mughal,3397459231
white laminated id card,id_card,canteen,lost,04/11/2024 16:09,Ifra Chattha,3004508044
brown visitor id card,id_card,ab1,found,04/08/2025 17:07,Imran Khan,3336364737
grey student id card,id_card,cc,lost,30/12/2024 21:32,Hira Malik,3353544984
grey photo id card,id_card,library,lost,22/05/2025 07:03,Aisha Sheikh,3300719471
brown departmental id card,id_card,mosque,lost,13/07/2024 11:05,Jawad Paracha,3429670172
black laminated id card,id_card,ab5,found,29/04/2024 22:40,Ertugrul Hashmi,3093903144
black photo id card,id_card,mosque,found,29/11/2025 07:19,Baber Gilani,3485646474
grey admin id card,id_card,garden,lost,29/03/2025 08:07,Sajid Dar,3370376844
white plastic id card,id_card,ab5,lost,01/12/2025 13:33,Huzaifa Niazi,3364807421
blue student id card,id_card,love garden,lost,22/11/2025 21:55,Umar Jafri,3288699814
white student id card,id_card,ab4,lost,25/04/2026 09:32,Hania Gilani,3499351499
brown laminated id card,id_card,hostel,found,16/05/2024 08:36,Junaid Rajput,3262467715
white departmental id card,id_card,mosque,lost,24/03/2025 09:57,Waqas Qureshi,3474656510
blue magnetic id card,id_card,cc,found,10/03/2024 08:19,Zubair Bhatti,3284950925
brown faculty id card,id_card,love garden,lost,21/05/2025 11:06,Rabia Pasha,3479861551
blue staff id card,id_card,ab1,lost,05/07/2024 17:30,Omaima Bhatti,3196404932
grey university id card,id_card,ab3,lost,16/05/2024 08:17,Zahid Bhatti,3412802096
grey faculty id card,id_card,ab3,found,21/08/2024 20:34,Sajid Ahmed,3407517468
brown institute id card,id_card,ab5,lost,14/01/2025 16:25,Fariha Gondal,3122325991
blue visitor id card,id_card,canteen,lost,22/04/2024 21:40,Xeenia Kashmiri,3224967869
grey plastic id card,id_card,ab2,found,10/09/2025 10:52,Noman Shah,3120892859
black admin id card,id_card,mosque,lost,27/11/2024 17:46,Nabeel Toor,3153445445
brown admin id card,id_card,ab4,found,09/02/2024 21:37,Tehmina Farooq,3216966402
grey library id card,id_card,hostel,lost,22/04/2025 22:14,Parveen Warraich,3435238666
grey visitor id card,id_card,parking,lost,15/03/2025 21:06,Bismah Bhatti,3068168070
white access id card,id_card,ab3,lost,01/01/2025 08:50,Maham Gondal,3188453117
blue admin id card,id_card,mosque,lost,16/09/2024 13:02,Erum Warraich,3048476020
black plastic id card,id_card,cc,lost,08/06/2024 22:09,Rabia Chaudhry,3277737935
black departmental id card,id_card,ab4,lost,05/12/2024 08:06,Humaira Tarar,3083028404
black visitor id card,id_card,canteen,lost,06/02/2024 16:43,Mehwish Qureshi,3199514000
white institute id card,id_card,love garden,found,02/10/2024 21:32,Tooba Gilani,3043486023
blue plastic id card,id_card,canteen,found,22/07/2025 19:45,Baber Iqbal,3395792049
brown staff id card,id_card,parking,found,01/11/2024 11:41,Mudassar Chaudhry,3029909438
white staff id card,id_card,ab1,lost,10/08/2025 10:14,Qasim Siddiqui,3464827485
grey departmental id card,id_card,canteen,lost,08/04/2026 20:58,Raheela Baig,3342052529
blue laminated id card,id_card,ab5,lost,02/01/2025 19:19,Ghulam Farooq,3054947917
white magnetic id card,id_card,cc,lost,10/12/2024 19:20,Uzma Hussain,3379420641
blue institute id card,id_card,love garden,found,04/09/2025 17:46,Liaqat Bhatti,3418281189
black university id card,id_card,love garden,lost,31/08/2024 11:59,Faisal Ali,3050421003
black hologram id card,id_card,ab3,lost,05/02/2024 18:07,Kareem Bhatti,3036223407
black staff id card,id_card,ab4,lost,01/04/2026 09:58,Ahmed Sheikh,3470065874
white photo id card,id_card,ab3,found,03/01/2025 10:16,Javaria Ali,3428990684
white admin id card,id_card,ab1,lost,26/08/2024 11:22,Noor Pasha,3051273015
brown access id card,id_card,love garden,lost,18/05/2024 13:53,Ibrahim Chaudhry,3024749800
black student id card,id_card,canteen,lost,25/11/2025 08:41,Mariam Chaudhry,3211935269
grey laminated id card,id_card,parking,lost,06/01/2024 17:35,Xeenia Chattha,3216605035
grey hologram id card,id_card,ab4,lost,30/05/2024 07:51,Akram Siddiqui,3346793272
white library id card,id_card,love garden,found,24/09/2024 21:00,Rizwan Khawaja,3341193972
blue departmental id card,id_card,ab2,lost,14/04/2026 09:31,Tabassum Baig,3081656500
brown hologram id card,id_card,ab4,found,14/12/2024 15:21,Waheed Farooq,3304926680
black institute id card,id_card,ab4,lost,12/09/2025 18:06,Zahid Bhatti,3271378234
blue access id card,id_card,ab2,found,20/01/2024 18:16,Obaid Malik,3350107550
blue library id card,id_card,canteen,lost,13/12/2024 09:39,Vaneeza Chaudhry,3458120723
white visitor id card,id_card,canteen,lost,09/10/2024 08:15,Bushra Siddiqui,3061374882
white faculty id card,id_card,canteen,lost,14/03/2024 19:19,Amna Warraich,3327067533
white android Tecno phone,phone,cc,lost,08/12/2024 22:58,Rabia Lodhi,3462460972
brown touchscreen Vivo phone,phone,parking,lost,23/01/2026 22:51,Gul Toor,3411542014
white android Infinix phone,phone,garden,lost,13/12/2024 13:09,Komal Farooq,3423863540
black android Tecno phone,phone,hostel,lost,14/04/2025 08:28,Noor Sheikh,3018524730
brown android Vivo phone,phone,love garden,lost,19/07/2025 20:42,Sobia Toor,3197202559
grey dual-sim Samsung phone,phone,parking,lost,29/11/2025 23:21,Sobia Abbasi,3314670758
brown android Samsung phone,phone,garden,lost,18/11/2024 13:47,Tehmina Ali,3221485275
white touchscreen Vivo phone,phone,ab2,found,01/03/2025 08:52,Tooba Jafri,3196518197
blue android Vivo phone,phone,love garden,lost,09/01/2024 23:19,Mudassar Gilani,3200941086
brown cracked Vivo phone,phone,ab3,found,17/02/2024 22:53,Parveen Siddiqui,3313288216
black slim Realme phone,phone,ab4,lost,11/10/2025 10:27,Sara Jafri,3045184673
grey slim Samsung phone,phone,canteen,lost,25/05/2024 07:25,Farhan Dar,3476952552
black android Xiaomi phone,phone,ab3,lost,07/12/2025 22:23,Ayesha Ali,3321356697
blue android Xiaomi phone,phone,ab1,found,13/04/2025 20:00,Erum Malik,3490812767
brown android Xiaomi phone,phone,ab2,found,28/11/2024 14:55,Zahid Hashmi,3344210661
blue android Samsung phone,phone,love garden,found,15/04/2026 23:56,Omar Butt,3329462854
white android Vivo phone,phone,ab3,found,23/07/2025 23:27,Ifra Shah,3263792659
brown android Infinix phone,phone,mosque,lost,19/06/2025 12:31,Mehwish Rajput,3385921794
white dual-sim Realme phone,phone,mosque,lost,09/03/2025 15:14,Iqra Gilani,3498916569
grey android Tecno phone,phone,mosque,lost,14/01/2025 17:03,Adnan Mirza,3340970946
white slim Samsung phone,phone,ab1,lost,23/11/2024 17:06,Umar Dar,3452185928
blue cracked Vivo phone,phone,ab5,found,05/07/2024 14:49,Omaima Malik,3072793000
brown slim Vivo phone,phone,love garden,found,09/04/2024 07:35,Mohsin Paracha,3144223948
black dual-sim Vivo phone,phone,hostel,found,26/10/2024 14:20,Qasim Khan,3120390262
white slim Realme phone,phone,ab5,lost,02/04/2025 10:12,Bismah Toor,3013496219
brown android Huawei phone,phone,canteen,found,09/03/2024 19:47,Siraj Hussain,3174659516
brown cracked Samsung phone,phone,garden,found,23/01/2024 21:52,Mehwish Jafri,3174579192
brown dual-sim OPPO phone,phone,ab1,lost,08/01/2026 15:53,Rauf Abbasi,3077417822
black android Vivo phone,phone,mosque,lost,18/11/2024 18:53,Huzaifa Ahmed,3063152364
black cracked Samsung phone,phone,ab1,found,09/09/2025 10:18,Mohsin Gondal,3056257276
brown android Tecno phone,phone,canteen,lost,30/09/2025 23:13,Liaqat Toor,3265592334
grey android Infinix phone,phone,cc,lost,16/01/2025 09:09,Mehwish Mirza,3007876628
black slim Vivo phone,phone,ab2,found,17/04/2024 13:27,Hassan Dogar,3246987225
grey touchscreen Vivo phone,phone,mosque,lost,26/11/2024 09:17,Javed Ahmed,3275683577
blue slim Realme phone,phone,cc,found,13/05/2024 18:42,Waheed Butt,3097911412
blue slim Samsung phone,phone,cc,lost,24/04/2025 20:40,Mudassir Toor,3417011666
black cracked Vivo phone,phone,parking,lost,08/07/2024 14:52,Waheed Qureshi,3439860561
blue dual-sim Vivo phone,phone,ab2,found,07/09/2024 07:58,Bilawal Memon,3151108928
blue cracked Samsung phone,phone,canteen,lost,06/04/2024 11:17,Asad Chaudhry,3033270429
black touchscreen Vivo phone,phone,ab4,lost,28/05/2024 21:01,Yumna Farooq,3178634679
grey slim Vivo phone,phone,parking,lost,05/09/2024 10:08,Rimsha Chattha,3021858941
blue android Tecno phone,phone,library,lost,02/10/2024 21:28,Tooba Butt,3352215818
white android Xiaomi phone,phone,ab3,found,04/08/2024 11:12,Babar Sheikh,3403970324
brown dual-sim Vivo phone,phone,canteen,found,18/01/2024 10:50,Owais Mirza,3252881972
black slim OPPO phone,phone,hostel,lost,19/07/2024 08:41,Zara Gondal,3041304357
grey dual-sim Vivo phone,phone,ab3,lost,12/03/2024 10:51,Ghazala Chattha,3394181575
grey dual-sim Infinix phone,phone,mosque,lost,25/09/2024 18:50,Siraj Memon,3425278879
white dual-sim Vivo phone,phone,ab2,lost,24/05/2024 17:56,Mehwish Ali,3421156174
grey android Xiaomi phone,phone,love garden,found,21/01/2026 10:12,Mehwish Farooq,3061112148
grey dual-sim OPPO phone,phone,ab4,lost,13/01/2025 10:00,Aleena Memon,3182351325
brown android Nokia phone,phone,hostel,lost,03/05/2025 19:21,Iqra Saeed,3376269269
grey cracked Samsung phone,phone,cc,lost,04/05/2024 10:34,Alina Raza,3338818744
brown dual-sim Realme phone,phone,garden,found,23/11/2025 09:39,Ghazala Dogar,3229681692
blue dual-sim Samsung phone,phone,ab1,found,28/02/2024 14:36,Akram Tarar,3039427886
grey android Huawei phone,phone,cc,lost,18/03/2026 09:00,Obaid Ali,3058637052
grey android OPPO phone,phone,ab4,lost,13/10/2025 13:56,Hafsa Iqbal,3296565941
blue slim OPPO phone,phone,hostel,lost,12/03/2025 08:21,Junaid Mirza,3080213794
black android Samsung phone,phone,mosque,found,17/11/2025 13:30,Javeria Farooq,3139554172
grey android Nokia phone,phone,ab4,found,06/04/2026 18:43,Liaqat Niazi,3245068434
white android OPPO phone,phone,mosque,lost,13/03/2025 17:38,Yumna Butt,3220293171
white android Huawei phone,phone,ab1,found,07/03/2026 16:12,Irfan Iqbal,3451781017
blue dual-sim Infinix phone,phone,ab1,lost,25/06/2024 12:11,Zubair Pasha,3269833599
black android Nokia phone,phone,ab3,lost,04/01/2025 12:20,Kareem Toor,3353492896
brown android OPPO phone,phone,ab3,lost,24/11/2024 17:05,Tabassum Mirza,3191242966
brown slim Realme phone,phone,ab1,lost,13/02/2026 09:00,Kareem Baig,3215263970
white wired earbuds,earbuds,ab4,found,03/09/2025 10:35,Tehmina Sheikh,3066310240
brown wired earbuds,earbuds,canteen,found,11/09/2025 12:15,Kamran Chattha,3312319243
grey compact earbuds,earbuds,garden,lost,16/07/2024 13:54,Mariam Memon,3177830171
brown over-ear earbuds,earbuds,ab2,lost,24/08/2024 14:22,Sara Jafri,3268646427
white in-ear earbuds,earbuds,cc,found,07/12/2025 18:56,Noman Ansari,3495161733
white compact earbuds,earbuds,cc,lost,10/12/2024 12:52,Mohsin Rajput,3340333565
black neckband earbuds,earbuds,ab1,lost,14/07/2024 14:53,Daniyal Farooq,3024889870
brown noise-cancelling earbuds,earbuds,canteen,lost,02/08/2025 13:12,Vaqas Dogar,3371081777
grey noise-cancelling earbuds,earbuds,garden,lost,21/01/2025 07:08,Iqra Mughal,3064716083
blue sport earbuds,earbuds,library,found,10/12/2024 14:55,Zubair Bhatti,3339029925
blue wired earbuds,earbuds,mosque,lost,06/12/2024 18:52,Zahid Sheikh,3264131868
blue neckband earbuds,earbuds,garden,lost,15/02/2026 12:04,Tooba Mughal,3036837981
white neckband earbuds,earbuds,love garden,found,15/02/2026 10:38,Qurat Ansari,3402334394
black wireless earbuds,earbuds,ab2,lost,18/10/2025 17:05,Mehwish Gondal,3457831520
blue true wireless earbuds,earbuds,parking,lost,09/07/2024 10:44,Tooba Dogar,3076905162
blue bluetooth earbuds,earbuds,cc,found,16/03/2024 10:18,Omar Raza,3342786240
black compact earbuds,earbuds,ab5,found,04/05/2025 13:35,Naeem Lodhi,3475473243
blue over-ear earbuds,earbuds,ab4,lost,12/12/2025 10:36,Dua Dogar,3325168685
grey wireless earbuds,earbuds,ab2,lost,27/01/2024 07:23,Talha Rajput,3276540146
blue open-ear earbuds,earbuds,ab1,lost,10/11/2024 16:23,Obaid Warraich,3247115297
grey true wireless earbuds,earbuds,ab3,lost,04/10/2024 17:13,Aisha Pasha,3369821515
grey bluetooth earbuds,earbuds,love garden,found,19/06/2024 20:21,Qasim Rajput,3017045055
brown open-ear earbuds,earbuds,cc,lost,22/08/2024 08:28,Qurrat Gilani,3079262484
grey in-ear earbuds,earbuds,hostel,lost,13/02/2026 20:14,Noor Pasha,3273493326
black sport earbuds,earbuds,love garden,lost,17/04/2025 21:24,Raheela Ali,3154864203
black true wireless earbuds,earbuds,ab5,lost,06/04/2024 07:06,Sobia Pasha,3283119865
white over-ear earbuds,earbuds,love garden,lost,22/01/2025 09:31,Bismah Chattha,3221402821
white bluetooth earbuds,earbuds,ab1,lost,16/10/2025 14:33,Dua Farooq,3090890510
white foldable earbuds,earbuds,ab4,lost,09/06/2025 23:21,Nabeel Khawaja,3118974733
blue wireless earbuds,earbuds,ab1,found,13/04/2025 20:29,Naila Sheikh,3325343464
blue foldable earbuds,earbuds,canteen,lost,02/02/2024 10:19,Kamran Raza,3127416291
grey wired earbuds,earbuds,library,lost,24/11/2025 14:52,Laiba Cheema,3153278410
black in-ear earbuds,earbuds,cc,lost,20/12/2025 23:58,Samina Sheikh,3225211551
blue noise-cancelling earbuds,earbuds,ab5,lost,30/10/2024 21:50,Maham Raza,3488247762
brown bluetooth earbuds,earbuds,garden,lost,27/02/2025 08:11,Farhan Paracha,3151417417
white sport earbuds,earbuds,ab5,found,14/09/2025 17:03,Sobia Kashmiri,3490141244
brown true wireless earbuds,earbuds,garden,lost,12/09/2024 15:34,Ifra Raza,3112348442
brown compact earbuds,earbuds,ab5,lost,20/12/2024 21:13,Danyal Ahmed,3148809131
black noise-cancelling earbuds,earbuds,hostel,found,28/02/2026 22:15,Fariha Mirza,3071627554
white open-ear earbuds,earbuds,hostel,lost,04/08/2025 10:52,Rizwan Ali,3390960862
brown sport earbuds,earbuds,parking,lost,10/09/2025 19:29,Naeem Jafri,3472832006
grey foldable earbuds,earbuds,hostel,found,27/02/2026 10:36,Sadaf Lodhi,3095208207
black foldable earbuds,earbuds,garden,found,14/09/2025 15:24,Javaria Siddiqui,3340724073
blue compact earbuds,earbuds,mosque,lost,20/06/2025 12:39,Irfan Paracha,3460632904
brown neckband earbuds,earbuds,ab3,found,19/04/2026 11:45,Haider Dar,3004617034
brown in-ear earbuds,earbuds,ab3,lost,27/04/2024 15:09,Areeba Farooq,3332661266
grey sport earbuds,earbuds,mosque,found,12/07/2024 08:11,Tabassum Kashmiri,3294398192
black open-ear earbuds,earbuds,library,lost,09/02/2024 21:46,Lubna Pasha,3301302455
black bluetooth earbuds,earbuds,parking,lost,25/02/2024 10:53,Naeem Cheema,3071738328
black over-ear earbuds,earbuds,ab4,lost,20/08/2024 23:06,Aisha Baig,3472461690
black wired earbuds,earbuds,garden,found,14/01/2024 18:05,Hassan Ahmed,3317150965
grey over-ear earbuds,earbuds,library,lost,25/03/2024 22:02,Hania Shah,3419103312
grey neckband earbuds,earbuds,cc,lost,31/01/2026 11:06,Zain Raza,3091652522
white true wireless earbuds,earbuds,parking,found,17/04/2026 22:25,Usman Tarar,3130053672
brown foldable earbuds,earbuds,love garden,lost,01/03/2024 14:40,Komal Jafri,3038901632
grey open-ear earbuds,earbuds,canteen,found,29/05/2025 10:33,Usman Mirza,3036556904
white noise-cancelling earbuds,earbuds,library,found,26/08/2024 14:23,Uzma Dogar,3270922663
blue in-ear earbuds,earbuds,cc,found,12/03/2026 17:59,Omar Paracha,3068030815
brown wireless earbuds,earbuds,ab1,lost,21/12/2025 21:40,Saad Jafri,3317976801
white wireless earbuds,earbuds,hostel,lost,06/03/2024 18:17,Uzair Paracha,3049478028
grey money clip wallet,wallet,ab5,lost,27/08/2025 15:05,Humaira Butt,3193216226
black zipped wallet,wallet,canteen,lost,11/05/2025 23:54,Mudassir Tarar,3485089993
white chain wallet,wallet,canteen,found,15/08/2025 21:50,Wajeeha Iqbal,3043080825
grey zip-around wallet,wallet,canteen,lost,23/01/2026 22:22,Ayesha Khan,3405766170
blue minimalist wallet,wallet,cc,lost,24/03/2024 16:24,Zain Saeed,3143049824
black coin wallet,wallet,hostel,lost,07/10/2024 18:21,Baber Dogar,3019129458
grey synthetic wallet,wallet,garden,lost,08/08/2024 14:40,Farrukh Gondal,3119347854
brown travel wallet,wallet,love garden,found,16/06/2024 20:42,Jawad Rajput,3061392019
blue coin wallet,wallet,canteen,lost,28/04/2024 09:55,Daud Abbasi,3497379220
blue travel wallet,wallet,garden,lost,19/11/2025 19:06,Javeria Gondal,3119513147
grey clip wallet,wallet,love garden,found,05/03/2024 19:37,Owais Mirza,3352270530
blue slim wallet,wallet,ab5,found,23/12/2024 09:22,Zainab Dogar,3477534716
black travel wallet,wallet,ab2,lost,04/05/2025 20:19,Majid Baig,3491614144
blue zip-around wallet,wallet,ab4,lost,16/03/2024 21:39,Rauf Ali,3148810602
blue card wallet,wallet,hostel,lost,19/04/2026 18:52,Liaqat Mirza,3136015615
black zip-around wallet,wallet,canteen,found,08/04/2026 19:37,Rizwan Kashmiri,3409311149
blue chain wallet,wallet,ab5,lost,20/01/2026 21:32,Usman Bhatti,3287358920
black leather wallet,wallet,ab1,lost,30/12/2024 17:15,Ume Raza,3367795835
blue leather wallet,wallet,ab4,found,16/01/2025 13:33,Samina Toor,3280583862
brown synthetic wallet,wallet,ab3,found,27/09/2025 20:49,Qurat Tarar,3001183588
black slim wallet,wallet,ab2,found,02/05/2024 15:22,Daniyal Toor,3124431753
white travel wallet,wallet,library,lost,21/05/2024 07:59,Hania Jafri,3032592959
blue synthetic wallet,wallet,hostel,lost,11/10/2024 11:41,Hira Mirza,3458442456
grey card wallet,wallet,library,lost,07/12/2025 11:57,Hania Pasha,3471491998
brown zip-around wallet,wallet,ab3,lost,02/07/2024 20:06,Palwasha Baig,3134350048
grey bifold wallet,wallet,ab2,found,24/01/2024 14:04,Samina Warraich,3363678718
black money clip wallet,wallet,love garden,lost,07/04/2026 23:42,Ifra Butt,3066825571
black long wallet,wallet,library,found,25/12/2024 08:53,Alina Farooq,3106824725
white synthetic wallet,wallet,ab2,lost,18/03/2026 16:38,Laiba Kashmiri,3114777747
white minimalist wallet,wallet,love garden,found,25/03/2026 10:44,Sobia Warraich,3047334740
grey chain wallet,wallet,garden,lost,19/12/2025 21:36,Kinza Pasha,3131919697
black bifold wallet,wallet,ab2,lost,02/01/2024 17:13,Mehwish Ansari,3482541322
blue bifold wallet,wallet,parking,found,05/09/2025 23:55,Xeenia Mughal,3467457781
grey coin wallet,wallet,ab3,lost,05/07/2024 13:02,Sara Khawaja,3088778897
white leather wallet,wallet,ab1,lost,11/06/2024 09:55,Siraj Jafri,3079212639
blue trifold wallet,wallet,library,lost,25/04/2025 08:45,Uzair Raza,3469648196
blue money clip wallet,wallet,ab3,lost,17/11/2025 12:29,Huzaifa Dar,3279323803
brown trifold wallet,wallet,garden,lost,26/04/2026 20:07,Vaneeza Dogar,3022867688
black synthetic wallet,wallet,mosque,lost,21/02/2026 21:41,Sobia Pasha,3064555467
brown money clip wallet,wallet,hostel,lost,14/04/2026 18:20,Kareem Saeed,3217235848
blue zipped wallet,wallet,cc,lost,22/08/2025 16:51,Ahmed Jafri,3326740489
brown zipped wallet,wallet,library,found,02/07/2025 20:59,Saad Ali,3287677625
white card wallet,wallet,cc,lost,15/01/2024 14:39,Parveen Hussain,3088073110
black trifold wallet,wallet,cc,lost,30/10/2024 10:13,Javeria Khawaja,3048435215
brown leather wallet,wallet,mosque,lost,06/03/2025 14:57,Siraj Mughal,3032000248
grey zipped wallet,wallet,mosque,found,22/03/2026 11:05,Erum Ali,3272378627
blue clip wallet,wallet,ab2,lost,21/12/2024 09:21,Tahira Iqbal,3049775782
brown long wallet,wallet,ab3,lost,27/03/2025 15:44,Durr Cheema,3119434536
brown card wallet,wallet,love garden,lost,23/05/2025 09:53,Talha Bhatti,3311090280
grey trifold wallet,wallet,ab2,found,22/04/2026 08:01,Ume Ansari,3155982183
brown slim wallet,wallet,ab2,lost,28/07/2024 09:24,Parveen Qureshi,3119664588
black clip wallet,wallet,library,lost,23/02/2026 09:41,Kinza Saeed,3002921292
grey long wallet,wallet,mosque,lost,16/01/2026 18:29,Vaneeza Gilani,3212945556
brown clip wallet,wallet,love garden,found,13/11/2024 07:49,Omar Qureshi,3387890672
white clip wallet,wallet,ab5,lost,18/03/2026 09:42,Owais Toor,3319517085
brown chain wallet,wallet,garden,lost,26/12/2025 10:28,Yasir Abbasi,3314477205
black card wallet,wallet,parking,lost,02/03/2025 16:07,Adnan Chattha,3297605400
black chain wallet,wallet,ab2,found,02/12/2025 08:30,Tanveer Lodhi,3072039938
white trifold wallet,wallet,ab1,lost,04/02/2024 10:49,Gul Ali,3254891407
white zip-around wallet,wallet,ab3,found,27/01/2025 23:04,Samina Chaudhry,3377420647
black Ryzen laptop,laptop,library,lost,24/10/2024 23:09,Zara Chaudhry,3338749199
black 14-inch laptop,laptop,ab1,lost,10/09/2025 19:43,Omaima Niazi,3075808844
blue Ryzen laptop,laptop,parking,lost,21/12/2025 17:37,Laiba Kashmiri,3110036267
white student laptop,laptop,hostel,lost,26/04/2026 21:08,Imran Dogar,3291914772
white compact laptop,laptop,love garden,lost,18/09/2024 13:20,Hafsa Khawaja,3263213027
grey refurbished laptop,laptop,ab2,lost,30/03/2026 22:44,Sadaf Baig,3390715755
white lightweight laptop,laptop,ab3,lost,26/02/2026 21:38,Siraj Ahmed,3349279261
blue i5 laptop,laptop,library,lost,27/04/2024 08:07,Vaqas Mughal,3402536645
grey lightweight laptop,laptop,ab2,found,07/10/2024 14:27,Ehsan Raza,3062802654
white i7 laptop,laptop,parking,found,30/09/2025 19:55,Faisal Paracha,3043733516
grey compact laptop,laptop,ab5,lost,14/02/2025 07:13,Eman Gondal,3179702687
grey slim laptop,laptop,garden,lost,28/01/2024 23:52,Javed Rajput,3483316645
grey gaming laptop,laptop,cc,lost,18/05/2024 18:30,Hania Lodhi,3038452405
grey ultrabook laptop,laptop,ab2,lost,31/01/2025 12:35,Zainab Pasha,3054220081
blue student laptop,laptop,garden,lost,24/10/2025 12:44,Ibrahim Khan,3209748263
grey student laptop,laptop,ab1,found,31/07/2025 23:03,Huzaifa Abbasi,3377396003
white gaming laptop,laptop,parking,lost,06/10/2025 20:18,Nabeel Khawaja,3024509183
grey Ryzen laptop,laptop,cc,lost,07/01/2026 23:05,Mehwish Memon,3039624628
black ultrabook laptop,laptop,cc,lost,15/07/2024 07:53,Xeenia Saeed,3486382329
blue 15-inch laptop,laptop,canteen,found,25/02/2025 09:50,Javaria Warraich,3356983594
grey i7 laptop,laptop,ab1,lost,11/10/2024 10:15,Fariha Warraich,3385887943
grey used laptop,laptop,library,found,03/04/2025 22:12,Durr Butt,3423129167
black budget laptop,laptop,ab4,lost,27/12/2025 13:15,Zainab Mirza,3162022580
black slim laptop,laptop,ab4,lost,02/05/2024 11:18,Rehan Abbasi,3013579784
white slim laptop,laptop,canteen,found,04/08/2024 15:43,Zara Shah,3459908532
black lightweight laptop,laptop,hostel,lost,29/06/2025 18:13,Mariam Toor,3002466743
blue compact laptop,laptop,love garden,lost,25/01/2025 17:14,Noman Pasha,3181387869
white budget laptop,laptop,garden,found,14/04/2024 16:48,Raheela Pasha,3367413415
blue i7 laptop,laptop,ab3,found,01/11/2025 19:16,Mariam Khawaja,3084346733
white 14-inch laptop,laptop,ab5,lost,23/03/2026 22:21,Rehan Dogar,3068768583
blue portable laptop,laptop,mosque,lost,08/04/2025 09:09,Uzair Chaudhry,3090454545
blue slim laptop,laptop,library,lost,17/02/2026 13:16,Imran Bhatti,3319670879
white ultrabook laptop,laptop,library,lost,19/03/2024 07:20,Ifra Mughal,3478130519
brown slim laptop,laptop,canteen,found,13/05/2025 08:32,Raheela Siddiqui,3396902010
brown gaming laptop,laptop,parking,lost,01/09/2024 21:05,Javed Ahmed,3319282620
black 15-inch laptop,laptop,garden,lost,28/07/2025 22:08,Javeria Cheema,3142257388
white refurbished laptop,laptop,cc,found,17/01/2026 21:03,Bismah Tarar,3417468826
grey i5 laptop,laptop,ab5,lost,23/02/2025 08:11,Ume Ansari,3027074978
brown student laptop,laptop,cc,found,26/03/2025 09:09,Ahmed Gilani,3299359358
black i5 laptop,laptop,love garden,found,28/02/2025 07:35,Osama Memon,3469038318
black used laptop,laptop,parking,lost,29/08/2024 18:59,Tariq Khawaja,3160854459
brown i7 laptop,laptop,mosque,lost,19/01/2026 20:01,Sajid Dogar,3370322850
brown used laptop,laptop,canteen,lost,29/05/2024 12:59,Uzma Cheema,3240447554
brown ultrabook laptop,laptop,canteen,lost,30/03/2026 08:17,Ghulam Jafri,3306918589
grey 14-inch laptop,laptop,library,found,17/10/2024 12:47,Liaqat Shah,3122969554
blue 14-inch laptop,laptop,library,lost,01/01/2026 21:41,Liaqat Gilani,3320475486
brown 14-inch laptop,laptop,ab5,lost,02/04/2025 16:39,Sobia Hashmi,3088403717
black student laptop,laptop,ab2,found,26/09/2025 14:23,Danyal Bhatti,3402630821
brown budget laptop,laptop,ab2,lost,13/01/2025 10:24,Tabassum Raza,3004096463
black portable laptop,laptop,ab1,found,04/09/2024 18:09,Umar Khawaja,3086721989
brown Ryzen laptop,laptop,ab5,found,02/11/2024 18:42,Akram Chaudhry,3044536857
white Ryzen laptop,laptop,canteen,lost,19/06/2025 19:53,Mohsin Raza,3472513319
black refurbished laptop,laptop,love garden,lost,18/02/2026 18:53,Kinza Butt,3397866091
blue used laptop,laptop,mosque,lost,22/02/2025 22:07,Javeria Shah,3465004879
brown i5 laptop,laptop,ab3,found,18/02/2026 21:00,Omar Gilani,3024401902
black steel watch,watch,parking,lost,11/03/2025 16:03,Erum Toor,3267775115
white analog watch,watch,cc,lost,17/02/2026 21:46,Ghulam Bhatti,3040643767
grey round-dial watch,watch,ab2,lost,27/09/2025 12:29,Dua Pasha,3307947794
white round-dial watch,watch,ab3,lost,08/09/2024 09:34,Irfan Paracha,3401011773
brown solar watch,watch,library,lost,23/11/2024 13:06,Zain Raza,3441759212
grey digital watch,watch,love garden,lost,18/04/2026 20:10,Uzair Ahmed,3400286557
white rubber-strap watch,watch,hostel,lost,01/07/2025 09:56,Samina Lodhi,3369544951
black smartwatch,watch,ab3,lost,23/02/2024 17:48,Nabeel Memon,3264047406
grey casual watch,watch,canteen,lost,19/03/2026 16:49,Baber Mirza,3120170514
grey army watch,watch,ab4,lost,22/02/2025 17:16,Ertugrul Farooq,3319273998
blue solar watch,watch,ab3,found,12/03/2025 09:05,Tanveer Gondal,3233913233
black solar watch,watch,hostel,lost,04/04/2024 19:19,Asad Toor,3066900138
black digital watch,watch,ab3,lost,05/06/2025 20:00,Erum Ali,3285762397
grey solar watch,watch,cc,lost,27/03/2025 15:20,Aisha Chaudhry,3376531796
grey rubber-strap watch,watch,ab2,lost,27/10/2025 08:09,Yumna Iqbal,3197235415
black army watch,watch,hostel,lost,14/02/2024 16:12,Daniyal Iqbal,3077752736
white fitness watch,watch,ab4,found,16/12/2024 08:04,Luqman Chaudhry,3464983693
white leather-strap watch,watch,ab2,found,04/03/2024 16:09,Adnan Saeed,3294512844
black quartz watch,watch,ab2,lost,28/12/2025 16:41,Qaiser Lodhi,3447064653
grey sport watch,watch,canteen,lost,10/04/2026 09:55,Areeba Ansari,3373137216
brown minimalist watch,watch,mosque,lost,15/04/2025 20:48,Samina Gilani,3266848443
grey steel watch,watch,ab2,lost,23/07/2025 09:02,Yumna Khan,3079645147
blue casual watch,watch,canteen,found,10/04/2026 14:39,Babar Siddiqui,3074615779
blue digital watch,watch,ab3,lost,19/03/2026 14:35,Raheela Hussain,3127986430
blue leather-strap watch,watch,mosque,found,24/04/2024 08:35,Hafsa Khawaja,3016754844
grey quartz watch,watch,library,lost,06/03/2025 22:25,Kashif Warraich,3259406754
brown leather-strap watch,watch,library,found,23/01/2025 18:44,Vaneeza Gilani,3339788468
brown steel watch,watch,ab3,found,04/01/2025 19:46,Sidra Warraich,3069943823
blue army watch,watch,canteen,lost,02/06/2024 15:56,Liaqat Gilani,3281915188
white sport watch,watch,library,lost,23/02/2024 07:33,Amna Malik,3048462414
brown quartz watch,watch,ab4,lost,09/06/2025 15:16,Aisha Ahmed,3292882377
black round-dial watch,watch,love garden,lost,13/02/2026 22:24,Omaima Khan,3012214586
white smartwatch,watch,ab2,lost,09/10/2025 19:36,Gul Chattha,3279753930
brown analog watch,watch,hostel,found,22/01/2024 12:38,Qurrat Butt,3279359198
white solar watch,watch,canteen,found,01/04/2025 15:55,Kiran Hashmi,3182308075
black analog watch,watch,ab3,lost,30/03/2024 22:38,Kamran Siddiqui,3478617748
brown rubber-strap watch,watch,garden,found,16/03/2024 19:40,Dua Iqbal,3319178796
blue branded watch,watch,ab5,found,04/02/2025 11:03,Majid Niazi,3051830543
blue minimalist watch,watch,canteen,lost,31/07/2025 22:21,Hania Baig,3085525390
white minimalist watch,watch,library,lost,02/06/2025 15:14,Tahira Dar,3244435374
brown army watch,watch,ab2,found,21/01/2024 08:00,Mudassir Dar,3142926226
grey leather-strap watch,watch,ab5,found,02/02/2025 10:13,Zain Ansari,3088147240
brown digital watch,watch,cc,found,08/09/2024 09:44,Ghazala Mughal,3448431318
black branded watch,watch,cc,lost,10/03/2024 21:17,Komal Toor,3261239424
blue smartwatch,watch,ab2,lost,28/05/2025 09:54,Kashif Ahmed,3186382541
black sport watch,watch,ab1,lost,17/05/2024 12:24,Tanveer Abbasi,3105391586
white casual watch,watch,library,lost,03/02/2026 19:05,Yumna Warraich,3162355660
black casual watch,watch,canteen,lost,14/04/2026 23:04,Mudassar Saeed,3110657339
white steel watch,watch,ab4,lost,13/05/2024 12:07,Shahzaib Tarar,3288168525
white branded watch,watch,love garden,lost,06/02/2024 16:22,Farrukh Siddiqui,3261260616
black minimalist watch,watch,ab4,found,30/04/2025 12:17,Lubna Siddiqui,3400188120
brown branded watch,watch,ab1,lost,25/09/2025 14:26,Naila Niazi,3043031506
black rubber-strap watch,watch,love garden,lost,26/03/2026 21:56,Obaid Raza,3449554576
blue sport watch,watch,canteen,lost,11/03/2025 18:43,Ibrahim Toor,3147470349
grey branded watch,watch,garden,lost,15/02/2026 07:02,Bismah Chaudhry,3144393765
blue college bag,bag,canteen,found,02/03/2025 20:49,Durr Chattha,3244261754
blue sling bag,bag,parking,lost,13/04/2026 21:10,Ertugrul Mirza,3124520855
white laptop bag,bag,library,lost,04/06/2025 18:40,Gul Iqbal,3091731547
grey canvas bag,bag,hostel,lost,28/04/2024 16:34,Javed Shah,3394735731
black sports bag,bag,ab5,lost,30/05/2024 16:43,Palwasha Rajput,3373003046
brown laptop bag,bag,love garden,lost,21/02/2024 08:22,Qurat Chaudhry,3451824860
blue sports bag,bag,ab1,lost,07/07/2025 19:53,Eman Tarar,3489394580
blue canvas bag,bag,parking,found,23/09/2024 11:20,Zahid Mughal,3298528965
grey gym bag,bag,mosque,found,14/08/2024 11:57,Vaqas Toor,3413065099
grey college bag,bag,love garden,found,10/02/2026 11:21,Sara Mughal,3014234397
blue messenger bag,bag,love garden,lost,28/09/2024 09:56,Aisha Warraich,3454195747
brown college bag,bag,cc,lost,18/02/2024 11:24,Tabassum Shah,3307795517
blue gym bag,bag,ab4,lost,05/10/2024 11:31,Ertugrul Gondal,3468414034
white shoulder bag,bag,hostel,lost,17/02/2024 22:22,Umar Saeed,3005206900
black zipper bag,bag,library,lost,11/07/2025 19:35,Gul Hashmi,3273297572
blue shoulder bag,bag,garden,found,14/09/2025 12:52,Usman Malik,3444416905
grey messenger bag,bag,ab3,lost,13/01/2024 10:07,Ibrahim Bhatti,3065102194
black backpack bag,bag,cc,lost,25/11/2024 21:31,Zainab Farooq,3259623921
grey handbag,bag,ab4,found,29/01/2026 13:44,Tehmina Dar,3406352583
grey travel bag,bag,ab2,lost,29/10/2025 20:05,Javaria Ansari,3130335957
brown canvas bag,bag,ab2,lost,02/04/2024 12:42,Komal Siddiqui,3100938962
white sling bag,bag,canteen,lost,09/10/2025 14:32,Nabeel Kashmiri,3267961089
grey zipper bag,bag,hostel,lost,04/12/2025 10:21,Waseem Paracha,3176148008
blue camera bag,bag,ab1,lost,12/05/2024 10:48,Hafsa Rajput,3384613188
white tote bag,bag,library,found,14/06/2025 15:50,Noman Khawaja,3231139857
brown shoulder bag,bag,hostel,lost,23/09/2024 15:07,Siraj Lodhi,3454231541
black handbag,bag,ab4,lost,17/09/2025 19:18,Akram Chaudhry,3287472564
black camera bag,bag,parking,lost,19/06/2024 08:41,Hassan Abbasi,3003688084
white college bag,bag,mosque,lost,20/04/2025 23:58,Gul Bhatti,3357488027
brown camera bag,bag,ab4,lost,18/03/2026 08:44,Talha Chattha,3154970667
grey shoulder bag,bag,ab5,found,02/04/2026 14:32,Faisal Khan,3221253376
black canvas bag,bag,garden,lost,15/03/2024 16:28,Qurrat Gilani,3066350771
blue backpack bag,bag,hostel,lost,15/10/2024 15:07,Lubna Sheikh,3072320181
brown gym bag,bag,love garden,found,14/03/2024 21:25,Liaqat Warraich,3275889204
brown drawstring bag,bag,library,lost,08/04/2026 21:43,Vaqas Tarar,3230363269
blue zipper bag,bag,hostel,found,26/01/2025 07:13,Noor Mirza,3052578577
blue handbag,bag,ab2,lost,31/01/2025 22:56,Amna Paracha,3373493583
white drawstring bag,bag,canteen,lost,17/11/2024 09:10,Waqas Lodhi,3440299104
black messenger bag,bag,ab3,found,29/08/2024 23:34,Qasim Shah,3130667483
white canvas bag,bag,ab1,found,10/11/2025 10:49,Tehmina Baig,3396007641
brown handbag,bag,mosque,found,09/04/2024 13:04,Hamza Chaudhry,3038101522
white handbag,bag,ab1,found,25/04/2025 08:03,Owais Gilani,3215718669
black tote bag,bag,canteen,lost,10/05/2024 13:46,Tehmina Butt,3128983227
grey drawstring bag,bag,garden,lost,03/11/2025 07:02,Sidra Hashmi,3157507377
blue tote bag,bag,cc,found,19/03/2026 22:32,Bilal Ansari,3279754640
black shoulder bag,bag,hostel,lost,05/11/2024 09:42,Naeem Chattha,3286540829
black gym bag,bag,parking,lost,21/01/2024 07:04,Omar Dar,3027159589
black travel bag,bag,ab3,lost,18/03/2026 22:18,Eman Baig,3065923877
white messenger bag,bag,love garden,lost,26/08/2024 14:56,Ayesha Bhatti,3043668186
white camera bag,bag,canteen,found,08/02/2025 12:08,Ifra Gondal,3409282061
grey camera bag,bag,parking,lost,29/06/2025 17:16,Tabassum Chaudhry,3153508546
white sports bag,bag,mosque,lost,04/11/2025 20:36,Babar Lodhi,3292950344
brown backpack bag,bag,mosque,found,08/02/2026 16:01,Humaira Ahmed,3233379057
black sling bag,bag,ab1,lost,30/03/2026 23:00,Javeria Pasha,3267409907
black drawstring bag,bag,ab5,found,09/05/2024 18:46,Tabassum Jafri,3280659940
black glass bottle,bottle,ab4,lost,09/10/2025 07:28,Eman Mirza,3336775300
grey water bottle,bottle,hostel,lost,05/02/2025 10:19,Asad Ansari,3072895632
brown wide-mouth bottle,bottle,mosque,lost,27/04/2024 19:07,Qurrat Baig,3483738951
blue bamboo bottle,bottle,mosque,found,26/01/2024 18:41,Danyal Siddiqui,3311774607
black bamboo bottle,bottle,library,found,21/10/2024 19:51,Liaqat Bhatti,3175188707
black gym bottle,bottle,ab3,found,09/09/2025 22:25,Alina Qureshi,3020624098
black flask bottle,bottle,ab5,lost,04/11/2025 09:55,Vaqas Jafri,3015288787
grey squeeze bottle,bottle,love garden,lost,28/01/2025 17:32,Zain Raza,3377974538
grey flask bottle,bottle,ab2,lost,10/02/2024 15:47,Owais Lodhi,3224017871
brown gym bottle,bottle,ab3,lost,13/09/2024 07:56,Parveen Bhatti,3215701504
white flask bottle,bottle,canteen,lost,29/06/2025 09:00,Aisha Memon,3119710053
brown squeeze bottle,bottle,love garden,lost,14/03/2026 23:21,Sara Khawaja,3141367162
black squeeze bottle,bottle,library,found,09/09/2024 14:39,Owais Hussain,3130734763
white water bottle,bottle,love garden,lost,27/06/2025 11:57,Waseem Khawaja,3054982227
black steel bottle,bottle,ab1,lost,07/08/2025 11:34,Sajid Hashmi,3002146195
grey steel bottle,bottle,ab3,found,20/05/2024 08:07,Zain Butt,3361725409
blue sports bottle,bottle,garden,found,18/04/2026 17:37,Qurat Mirza,3000601310
blue slim bottle,bottle,library,lost,28/11/2024 16:10,Qasim Ansari,3275935644
black wide-mouth bottle,bottle,mosque,lost,20/02/2026 11:31,Amna Niazi,3099061710
white thermos bottle,bottle,ab1,lost,16/05/2025 20:33,Erum Gilani,3312426965
black insulated bottle,bottle,hostel,lost,13/01/2024 13:16,Wajeeha Chaudhry,3407215874
white wide-mouth bottle,bottle,canteen,lost,29/09/2024 13:38,Naeem Butt,3372593989
black sports bottle,bottle,ab1,lost,14/03/2026 23:06,Waseem Farooq,3106605253
grey wide-mouth bottle,bottle,ab5,lost,25/05/2024 08:02,Ahmed Ahmed,3091760295
blue squeeze bottle,bottle,parking,lost,15/06/2024 16:24,Yumna Qureshi,3140140854
white glass bottle,bottle,cc,lost,27/02/2026 12:42,Mariam Mughal,3358769805
brown flask bottle,bottle,library,lost,10/01/2026 08:46,Javaria Sheikh,3242649758
grey plastic bottle,bottle,ab4,found,16/10/2024 15:19,Siraj Mughal,3403015979
white squeeze bottle,bottle,ab1,lost,12/05/2025 07:57,Hira Memon,3341046165
brown plastic bottle,bottle,ab4,lost,19/12/2025 07:44,Junaid Iqbal,3290891420
black water bottle,bottle,hostel,lost,22/11/2025 21:14,Nadia Chattha,3479316005
blue plastic bottle,bottle,love garden,lost,11/03/2024 13:39,Xeenia Hashmi,3443971441
black slim bottle,bottle,canteen,found,05/02/2024 08:50,Aleena Paracha,3039609798
grey slim bottle,bottle,garden,found,01/03/2025 16:14,Tahir Gilani,3349469304
brown thermos bottle,bottle,cc,found,20/04/2026 20:24,Hira Ansari,3458008675
white sports bottle,bottle,ab4,found,14/11/2025 11:55,Bilawal Khan,3147609220
blue wide-mouth bottle,bottle,ab4,found,14/10/2025 21:33,Adnan Paracha,3326799118
white insulated bottle,bottle,mosque,lost,07/03/2025 22:22,Zain Farooq,3052349447
brown sports bottle,bottle,love garden,found,18/07/2024 21:44,Aisha Chaudhry,3017409027
black collapsible bottle,bottle,ab2,lost,15/04/2025 21:16,Rimsha Iqbal,3246143113
white gym bottle,bottle,hostel,lost,01/09/2025 23:56,Yasir Chattha,3455778493
grey insulated bottle,bottle,parking,lost,27/05/2024 08:10,Amna Pasha,3274799198
grey gym bottle,bottle,mosque,lost,11/02/2025 09:33,Naila Khan,3138034591
grey thermos bottle,bottle,love garden,found,27/03/2025 08:33,Tahir Rajput,3318286509
white collapsible bottle,bottle,ab2,lost,02/01/2026 18:27,Noman Chattha,3363083660
blue collapsible bottle,bottle,cc,lost,14/05/2025 10:47,Gul Memon,3428206532
brown water bottle,bottle,canteen,lost,08/06/2024 21:03,Mariam Sheikh,3206929404
brown glass bottle,bottle,ab4,lost,06/10/2025 21:58,Ghulam Farooq,3236671814
white steel bottle,bottle,ab4,lost,04/01/2026 07:00,Ibrahim Saeed,3380121637
blue gym bottle,bottle,ab2,lost,05/08/2025 20:51,Uzma Farooq,3100596096
blue glass bottle,bottle,love garden,lost,22/03/2024 22:30,Hafsa Chaudhry,3337356157
grey sports bottle,bottle,library,found,18/10/2024 21:06,Umar Siddiqui,3452096629
grey collapsible bottle,bottle,cc,lost,18/03/2026 12:33,Ghulam Jafri,3348686478
blue steel bottle,bottle,canteen,found,14/06/2024 07:46,Bushra Niazi,3276436285
grey glass bottle,bottle,ab4,found,24/03/2025 19:36,Palwasha Abbasi,3490968088
white statistical calculator,calculator,hostel,lost,07/01/2025 18:04,Osama Niazi,3259295409
white financial calculator,calculator,ab2,lost,20/03/2024 18:33,Noman Gondal,3338880141
grey scientific calculator,calculator,parking,lost,26/01/2025 22:12,Hamza Dar,3465093572
blue mini calculator,calculator,library,lost,20/01/2024 19:14,Wajeeha Khan,3160504298
brown scientific calculator,calculator,library,lost,20/02/2025 17:27,Humaira Dogar,3357836772
grey basic calculator,calculator,mosque,lost,29/01/2026 11:47,Hassan Sheikh,3212580700
brown desktop calculator,calculator,parking,found,03/05/2024 20:28,Mudassar Ahmed,3318740931
blue financial calculator,calculator,hostel,lost,03/05/2024 15:39,Rimsha Raza,3497556825
white desktop calculator,calculator,ab1,found,06/01/2026 23:53,Komal Hussain,3357941471
black engineering calculator,calculator,ab4,lost,15/09/2024 20:46,Khalid Khan,3065987971
brown graphic calculator,calculator,ab4,lost,05/03/2025 16:33,Palwasha Gondal,3420892748
grey solar calculator,calculator,library,found,27/10/2025 20:46,Ifra Khawaja,3108070915
white programmable calculator,calculator,ab5,lost,29/05/2025 20:51,Amna Sheikh,3345646646
brown engineering calculator,calculator,mosque,lost,02/06/2025 18:32,Akram Memon,3250529106
black basic calculator,calculator,ab5,found,05/03/2026 14:40,Daniyal Rajput,3372386470
black dual-power calculator,calculator,cc,found,24/03/2026 07:04,Fariha Butt,3321046487
brown student calculator,calculator,hostel,lost,16/11/2024 18:54,Imran Butt,3466517263
black mini calculator,calculator,ab5,lost,29/12/2024 14:30,Huzaifa Ali,3049564977
grey graphic calculator,calculator,parking,lost,22/12/2024 20:54,Siraj Abbasi,3434036952
black student calculator,calculator,ab1,found,24/09/2025 22:25,Jawad Qureshi,3068155330
white scientific calculator,calculator,cc,found,17/08/2025 22:39,Rizwan Baig,3024229250
black financial calculator,calculator,ab3,lost,17/04/2026 23:51,Asad Mirza,3288714618
blue statistical calculator,calculator,ab5,found,20/03/2026 23:19,Palwasha Chaudhry,3095105447
black pocket calculator,calculator,library,found,26/04/2026 14:25,Tabassum Mughal,3362611636
blue student calculator,calculator,hostel,lost,22/04/2025 14:47,Areeba Abbasi,3127224973
grey programmable calculator,calculator,canteen,found,12/01/2024 14:56,Iqra Chaudhry,3314260316
blue desktop calculator,calculator,cc,lost,17/03/2026 14:12,Babar Siddiqui,3459055826
blue pocket calculator,calculator,mosque,lost,03/07/2025 20:52,Hania Butt,3324192545
black statistical calculator,calculator,mosque,lost,15/01/2025 15:24,Areeba Bhatti,3332518536
white compact calculator,calculator,ab5,lost,13/01/2024 18:45,Yasir Hashmi,3197276182
brown statistical calculator,calculator,library,lost,05/08/2024 20:10,Daud Hashmi,3191223371
blue engineering calculator,calculator,mosque,found,14/01/2024 20:23,Fatima Pasha,3192395608
black graphic calculator,calculator,parking,lost,16/07/2025 23:21,Rehan Gondal,3498356092
white basic calculator,calculator,cc,lost,09/01/2025 21:11,Shahzaib Warraich,3390142586
brown solar calculator,calculator,ab4,found,08/02/2026 20:14,Eman Warraich,3234094873
white engineering calculator,calculator,ab5,lost,03/01/2024 20:51,Eman Jafri,3095307568
brown mini calculator,calculator,hostel,lost,02/09/2025 21:14,Ghazala Iqbal,3352982504
brown programmable calculator,calculator,ab5,lost,16/03/2025 20:42,Qurrat Khan,3051607624
black desktop calculator,calculator,ab5,lost,13/04/2025 19:03,Tariq Baig,3483594333
blue compact calculator,calculator,parking,lost,12/09/2024 23:27,Laiba Mughal,3273459970
blue solar calculator,calculator,library,found,22/01/2026 22:10,Laiba Memon,3210522964
brown financial calculator,calculator,ab3,lost,21/01/2025 19:29,Babar Hussain,3138663300
grey engineering calculator,calculator,canteen,found,26/07/2025 17:57,Kareem Cheema,3015524491
black programmable calculator,calculator,love garden,lost,26/07/2024 22:24,Tahira Cheema,3261397504
black compact calculator,calculator,ab5,lost,31/05/2024 19:39,Adnan Chaudhry,3233797200
black scientific calculator,calculator,ab4,found,05/04/2024 09:56,Mudassir Malik,3395507652
grey pocket calculator,calculator,ab2,found,04/03/2025 14:33,Hamza Niazi,3222582282
white dual-power calculator,calculator,cc,lost,20/07/2024 12:52,Ghulam Chaudhry,3188421452
grey dual-power calculator,calculator,canteen,lost,14/01/2024 23:28,Daniyal Jafri,3055949886
grey desktop calculator,calculator,cc,lost,09/07/2025 13:54,Uzma Hashmi,3343110910
white half-rim glasses,glasses,ab4,found,30/10/2025 13:33,Raheela Qureshi,3408064222
blue square glasses,glasses,ab3,lost,12/05/2024 12:26,Tariq Cheema,3457266698
brown framed glasses,glasses,parking,lost,02/02/2025 18:06,Lubna Ansari,3340613636
white sport glasses,glasses,ab1,lost,13/05/2024 23:01,Rabia Dogar,3358935663
blue sunglasses,glasses,cc,lost,15/04/2024 12:01,Asad Qureshi,3440206611
brown rimless glasses,glasses,ab5,lost,28/02/2026 09:24,Owais Jafri,3415032845
white round glasses,glasses,library,lost,30/07/2024 17:48,Nabeel Dogar,3357330176
brown oval glasses,glasses,ab3,found,08/11/2025 07:33,Amna Hussain,3354420143
brown half-rim glasses,glasses,garden,found,15/01/2024 15:06,Nabeel Siddiqui,3144546136
grey thick-frame glasses,glasses,love garden,lost,23/04/2024 21:06,Waheed Dar,3452024756
grey metal-frame glasses,glasses,parking,lost,04/06/2025 08:50,Qaiser Ali,3389168047
white square glasses,glasses,hostel,found,12/07/2025 09:05,Ibrahim Lodhi,3383533258
blue prescription glasses,glasses,garden,lost,16/04/2026 11:52,Laiba Jafri,3048875090
white oval glasses,glasses,hostel,lost,29/04/2025 17:53,Maham Farooq,3424905916
black oval glasses,glasses,parking,lost,19/02/2024 12:47,Eman Hashmi,3272850947
black half-rim glasses,glasses,garden,lost,11/10/2025 12:36,Uzair Memon,3199482516
blue sport glasses,glasses,parking,lost,16/01/2025 12:07,Huzaifa Hashmi,3314756824
black round glasses,glasses,garden,lost,12/08/2025 22:58,Omar Khan,3275617352
blue thick-frame glasses,glasses,parking,lost,16/11/2024 12:23,Liaqat Cheema,3165684119
blue metal-frame glasses,glasses,garden,lost,04/12/2025 07:20,Uzma Bhatti,3395014038
white rimless glasses,glasses,mosque,lost,05/03/2026 07:13,Amna Hashmi,3006561650
white anti-glare glasses,glasses,library,lost,13/03/2024 15:01,Junaid Farooq,3423795249
black framed glasses,glasses,library,lost,13/05/2024 18:27,Tabassum Gondal,3193549710
blue round glasses,glasses,hostel,lost,16/12/2024 17:01,Tehmina Siddiqui,3438650883
black reading glasses,glasses,ab2,lost,07/07/2024 09:27,Luqman Gilani,3419716768
grey reading glasses,glasses,ab5,lost,10/12/2025 15:42,Faisal Cheema,3229123992
brown reading glasses,glasses,hostel,lost,15/08/2025 18:12,Humaira Farooq,3356087388
grey tinted glasses,glasses,garden,lost,01/08/2025 14:34,Luqman Saeed,3044669156
blue reading glasses,glasses,hostel,lost,09/04/2026 07:53,Rauf Paracha,3448772855
black sunglasses,glasses,hostel,lost,04/01/2024 21:23,Luqman Qureshi,3361657418
brown square glasses,glasses,ab5,lost,08/07/2025 07:01,Iqra Ahmed,3121786740
black prescription glasses,glasses,love garden,found,15/02/2024 18:28,Waseem Saeed,3229882467
brown metal-frame glasses,glasses,ab2,found,05/10/2024 23:11,Gul Warraich,3193890728
grey square glasses,glasses,hostel,found,20/10/2024 21:36,Iqra Farooq,3470281489
brown prescription glasses,glasses,love garden,lost,15/02/2024 11:15,Areeba Bhatti,3186753379
brown round glasses,glasses,hostel,lost,09/02/2025 13:11,Rehan Mirza,3367347726
blue half-rim glasses,glasses,hostel,lost,24/04/2026 12:21,Xeenia Lodhi,3189413668
black metal-frame glasses,glasses,ab4,lost,23/02/2026 20:08,Hira Qureshi,3244846636
grey sunglasses,glasses,parking,lost,24/02/2024 13:19,Baber Dar,3388481220
blue oval glasses,glasses,library,lost,03/03/2024 16:02,Mohsin Raza,3285097313
white framed glasses,glasses,love garden,lost,13/02/2024 23:22,Talha Cheema,3213249813
brown thick-frame glasses,glasses,ab4,found,16/12/2024 07:21,Erum Bhatti,3264976902
black rimless glasses,glasses,ab2,lost,12/08/2024 08:55,Javed Rajput,3020523101
grey rimless glasses,glasses,garden,lost,13/01/2025 14:45,Kiran Gondal,3480153598
grey round glasses,glasses,garden,lost,04/12/2025 20:47,Sobia Saeed,3219383486
black anti-glare glasses,glasses,library,lost,27/12/2025 09:24,Zara Toor,3336355801
blue framed glasses,glasses,mosque,lost,10/09/2025 23:44,Kinza Shah,3198379650
blue rimless glasses,glasses,ab4,lost,06/06/2024 08:40,Hassan Dogar,3090329957
white thick-frame glasses,glasses,canteen,lost,04/04/2025 13:40,Bilal Abbasi,3463347317
brown tinted glasses,glasses,mosque,lost,13/11/2025 15:07,Sobia Dogar,3048160743
blue slim notebook,notebook,hostel,found,07/11/2025 12:44,Durr Tarar,3226928136
black hardcover notebook,notebook,ab2,lost,06/03/2024 15:00,Dua Shah,3429923025
black wiro notebook,notebook,ab1,lost,15/06/2024 09:46,Rehan Dar,3026079272
black plain notebook,notebook,cc,lost,23/06/2025 21:53,Zain Dar,3140263684
grey small notebook,notebook,ab5,lost,05/04/2026 11:14,Bilal Khawaja,3338319207
blue lined notebook,notebook,ab2,lost,22/03/2026 18:09,Qurat Gondal,3099687958
brown slim notebook,notebook,hostel,lost,16/05/2025 15:59,Imran Chattha,3067311934
grey slim notebook,notebook,love garden,found,09/09/2025 09:38,Bushra Jafri,3387055877
brown spiral notebook,notebook,parking,lost,04/02/2024 17:45,Palwasha Gilani,3481195815
blue hardcover notebook,notebook,ab3,lost,08/03/2026 19:02,Rizwan Dogar,3379824186
brown A4 notebook,notebook,library,found,12/08/2024 09:03,Xeenia Pasha,3174165598
blue A4 notebook,notebook,love garden,lost,19/10/2024 17:28,Pervaiz Khan,3208116790
blue plain notebook,notebook,cc,lost,09/03/2024 23:04,Ehsan Abbasi,3065380108
grey grid notebook,notebook,love garden,found,14/06/2024 10:15,Bushra Paracha,3137350065
black A5 notebook,notebook,ab2,found,15/01/2024 17:04,Luqman Tarar,3498262728
brown thick notebook,notebook,mosque,lost,15/08/2024 09:28,Naila Siddiqui,3036641236
black lined notebook,notebook,ab4,lost,28/10/2024 10:25,Wajeeha Niazi,3268027141
white lined notebook,notebook,cc,found,26/04/2025 13:48,Eman Memon,3476745134
grey ring-bound notebook,notebook,garden,found,18/06/2025 21:11,Raheela Rajput,3303473828
brown plain notebook,notebook,ab3,lost,26/06/2025 13:11,Xeenia Siddiqui,3107634649
white pocket notebook,notebook,hostel,found,20/07/2025 18:48,Naeem Warraich,3426312304
grey A5 notebook,notebook,love garden,lost,09/12/2025 07:01,Ertugrul Chattha,3191603078
blue grid notebook,notebook,garden,lost,10/05/2025 11:16,Naeem Saeed,3443170579
grey spiral notebook,notebook,garden,found,12/05/2025 16:54,Farrukh Ahmed,3349221704
blue lab notebook,notebook,mosque,lost,10/11/2025 18:28,Sadaf Ahmed,3428429668
white thick notebook,notebook,library,found,01/08/2025 23:34,Ghazala Paracha,3109881961
black spiral notebook,notebook,ab2,lost,18/08/2024 13:47,Laiba Qureshi,3233322414
grey lined notebook,notebook,garden,lost,03/04/2024 12:45,Danyal Abbasi,3250446560
white grid notebook,notebook,ab2,found,29/04/2024 09:48,Parveen Ahmed,3012063294
white A5 notebook,notebook,ab5,lost,14/06/2024 16:49,Vaneeza Khan,3421205943
grey thick notebook,notebook,mosque,lost,16/02/2024 19:09,Laiba Tarar,3334247444
blue student notebook,notebook,parking,lost,15/10/2024 14:55,Zara Gilani,3023232729
white small notebook,notebook,love garden,lost,27/09/2025 08:35,Mohsin Gondal,3071228716
black small notebook,notebook,ab1,lost,14/09/2024 11:20,Waqas Ahmed,3121723921
brown small notebook,notebook,mosque,lost,13/12/2025 19:26,Waseem Bhatti,3341977480
black A4 notebook,notebook,cc,lost,07/03/2025 15:19,Ghulam Ansari,3073179992
white plain notebook,notebook,ab5,found,14/03/2026 08:18,Komal Gondal,3268098180
brown wiro notebook,notebook,ab5,lost,22/09/2024 20:43,Waseem Memon,3118984414
blue A5 notebook,notebook,canteen,lost,12/03/2024 14:47,Omar Iqbal,3463515027
blue ring-bound notebook,notebook,hostel,found,02/06/2024 07:25,Sobia Dar,3100478568
brown lined notebook,notebook,garden,lost,04/07/2025 16:55,Daud Bhatti,3282810826
blue small notebook,notebook,library,lost,23/10/2025 15:20,Omaima Paracha,3004313328
brown ring-bound notebook,notebook,love garden,lost,03/09/2024 07:53,Qurrat Memon,3276470063
white spiral notebook,notebook,ab2,found,06/11/2025 16:13,Tabassum Niazi,3219594422
brown A5 notebook,notebook,hostel,lost,18/06/2024 12:59,Khalid Abbasi,3097718625
white hardcover notebook,notebook,parking,found,18/02/2024 07:55,Rehan Shah,3378989837
blue thick notebook,notebook,library,lost,21/04/2025 13:06,Wajeeha Lodhi,3320792882
blue spiral notebook,notebook,ab3,lost,24/07/2024 07:52,Kinza Malik,3262463090
brown student notebook,notebook,parking,lost,18/02/2024 09:52,Omar Tarar,3314164199
black pocket notebook,notebook,ab3,lost,24/01/2024 21:26,Haider Malik,3003477735
brown auto-open umbrella,umbrella,garden,found,15/02/2024 14:50,Noor Niazi,3225895487
black telescopic umbrella,umbrella,mosque,lost,03/05/2025 15:00,Hania Hussain,3403959125
white three-fold umbrella,umbrella,hostel,lost,30/01/2026 23:23,Palwasha Rajput,3227671348
blue slim umbrella,umbrella,ab2,found,28/03/2026 23:43,Luqman Butt,3412375484
blue travel umbrella,umbrella,library,found,28/01/2026 21:50,Qurat Qureshi,3123068266
blue auto-open umbrella,umbrella,garden,found,03/10/2024 21:57,Babar Baig,3312927781
brown large umbrella,umbrella,hostel,found,08/01/2024 21:41,Rimsha Qureshi,3496020212
brown portable umbrella,umbrella,hostel,found,04/02/2026 14:09,Siraj Dogar,3419249983
brown two-fold umbrella,umbrella,cc,found,22/08/2024 12:13,Omaima Memon,3340850456
white windproof umbrella,umbrella,ab5,lost,06/07/2024 18:07,Erum Pasha,3091695347
brown compact umbrella,umbrella,library,lost,15/02/2026 15:56,Fahad Abbasi,3128677644
white folding umbrella,umbrella,love garden,lost,28/07/2025 16:22,Ifra Paracha,3434611839
black two-fold umbrella,umbrella,ab2,lost,22/02/2025 10:38,Imran Chattha,3455372035
white travel umbrella,umbrella,ab1,lost,11/04/2025 08:24,Tahira Chaudhry,3159743420
white auto-open umbrella,umbrella,mosque,found,10/10/2025 22:45,Ume Toor,3409575013
blue portable umbrella,umbrella,canteen,lost,07/08/2024 09:41,Eman Qureshi,3477434706
grey telescopic umbrella,umbrella,canteen,lost,15/04/2026 15:38,Talha Qureshi,3431417582
blue three-fold umbrella,umbrella,mosque,found,07/09/2024 08:34,Aleena Chattha,3282711645
brown mini umbrella,umbrella,canteen,found,25/03/2025 14:21,Noman Raza,3490792904
grey slim umbrella,umbrella,mosque,lost,01/08/2025 14:11,Bismah Saeed,3159631344
grey three-fold umbrella,umbrella,canteen,lost,08/02/2026 09:40,Huzaifa Memon,3489760608
brown telescopic umbrella,umbrella,garden,lost,13/10/2024 17:10,Qasim Khawaja,3104327484
black three-fold umbrella,umbrella,love garden,lost,13/12/2024 09:38,Omar Pasha,3478385121
grey folding umbrella,umbrella,cc,found,12/01/2026 19:43,Ayesha Lodhi,3245904997
blue telescopic umbrella,umbrella,mosque,found,15/02/2025 18:09,Zara Ali,3415475905
white mini umbrella,umbrella,hostel,lost,28/02/2026 23:27,Sajid Siddiqui,3076981543
white slim umbrella,umbrella,cc,lost,23/03/2024 22:36,Tabassum Gilani,3068435603
grey mini umbrella,umbrella,mosque,lost,25/11/2024 08:19,Kareem Bhatti,3446257333
black large umbrella,umbrella,hostel,lost,17/02/2025 18:11,Aisha Niazi,3139777265
blue folding umbrella,umbrella,ab2,found,15/10/2024 11:30,Pervaiz Jafri,3250392003
blue standard umbrella,umbrella,mosque,lost,01/12/2025 12:24,Uzair Ali,3303428147
white standard umbrella,umbrella,garden,lost,16/12/2024 13:29,Hania Siddiqui,3370414714
white two-fold umbrella,umbrella,love garden,found,14/03/2025 08:31,Qurrat Pasha,3351667867
brown slim umbrella,umbrella,hostel,lost,31/03/2026 22:58,Qaiser Dogar,3443306057
grey compact umbrella,umbrella,ab1,lost,10/07/2024 21:06,Luqman Chaudhry,3219497026
grey portable umbrella,umbrella,library,lost,12/10/2024 08:22,Ume Siddiqui,3199005905
blue large umbrella,umbrella,ab3,found,07/02/2026 23:16,Waseem Pasha,3308850269
blue compact umbrella,umbrella,parking,lost,12/11/2024 11:59,Javaria Hussain,3330161031
black portable umbrella,umbrella,ab5,found,15/12/2025 07:58,Sajid Ali,3356675209
black compact umbrella,umbrella,hostel,lost,24/01/2024 22:52,Xeenia Ansari,3232916707
white portable umbrella,umbrella,parking,lost,13/11/2025 08:09,Komal Chaudhry,3030156575
grey two-fold umbrella,umbrella,parking,lost,14/12/2025 21:12,Dua Gilani,3440840088
black folding umbrella,umbrella,love garden,found,25/06/2024 20:34,Ahmed Dogar,3062837194
blue mini umbrella,umbrella,cc,lost,22/05/2024 17:25,Qaiser Hussain,3030927642
white compact umbrella,umbrella,garden,lost,23/10/2024 21:51,Rabia Khan,3105140226
white telescopic umbrella,umbrella,parking,lost,12/04/2025 21:42,Durr Raza,3443195520
black standard umbrella,umbrella,cc,found,24/08/2024 23:42,Javaria Jafri,3145242283
brown travel umbrella,umbrella,mosque,lost,07/04/2024 15:22,Nabeel Kashmiri,3201296037
black mini umbrella,umbrella,ab1,lost,20/07/2025 21:39,Ume Khan,3095325062
black slim umbrella,umbrella,library,lost,28/04/2026 10:29,Fariha Qureshi,3067994610
black fast charger,charger,mosque,lost,09/09/2024 14:20,Sidra Paracha,3147757305
black multi-port charger,charger,hostel,lost,18/07/2024 20:11,Danyal Tarar,3237570960
white wireless charger,charger,garden,lost,15/03/2026 20:07,Samina Farooq,3207272751
grey 65W charger,charger,ab4,found,25/02/2026 18:25,Areeba Pasha,3245882311
white magnetic charger,charger,canteen,found,22/04/2025 16:44,Lubna Hashmi,3479084776
grey portable charger,charger,parking,lost,07/01/2026 13:08,Mariam Farooq,3419163475
black portable charger,charger,mosque,lost,11/04/2024 11:03,Wajeeha Baig,3346854832
white fast charger,charger,ab1,lost,02/11/2025 12:19,Jawad Ali,3218043397
white 65W charger,charger,library,lost,16/02/2024 08:30,Rimsha Toor,3234461029
brown wireless charger,charger,parking,lost,04/04/2024 12:49,Kinza Raza,3490811093
blue power bank charger,charger,ab1,lost,01/02/2026 11:41,Omaima Bhatti,3009521089
brown cable charger,charger,mosque,lost,22/09/2025 11:13,Erum Abbasi,3424178964
white wall charger,charger,mosque,found,23/02/2026 19:28,Noman Baig,3470907872
white portable charger,charger,love garden,lost,30/05/2025 10:44,Yasir Dogar,3276036613
blue 45W charger,charger,ab3,lost,30/03/2026 21:22,Wajeeha Ali,3038647793
brown multi-port charger,charger,hostel,found,02/01/2024 16:13,Naeem Farooq,3491349697
blue laptop charger,charger,cc,found,26/10/2025 14:53,Rehan Malik,3039471003
white cable charger,charger,parking,found,14/11/2025 09:36,Yumna Shah,3290313903
brown portable charger,charger,garden,lost,14/02/2026 09:03,Durr Khawaja,3341480077
grey fast charger,charger,cc,lost,27/03/2024 17:41,Shahzaib Kashmiri,3203805562
black 65W charger,charger,ab4,lost,05/11/2024 18:58,Javaria Abbasi,3444577490
blue fast charger,charger,garden,lost,31/01/2025 16:40,Kashif Sheikh,3284260722
brown USB-C charger,charger,ab3,lost,18/09/2025 19:04,Palwasha Niazi,3371769409
grey power bank charger,charger,cc,lost,04/10/2024 17:12,Kashif Warraich,3293383383
black laptop charger,charger,garden,lost,17/02/2024 12:01,Bushra Paracha,3191289685
blue wall charger,charger,ab5,lost,22/03/2025 14:42,Daniyal Paracha,3043006447
black USB-C charger,charger,ab5,lost,06/04/2026 19:15,Rizwan Dogar,3221898347
blue multi-port charger,charger,canteen,lost,29/11/2025 21:55,Liaqat Kashmiri,3486602001
grey multi-port charger,charger,garden,lost,05/08/2024 23:32,Wajeeha Farooq,3330474505
grey micro USB charger,charger,cc,lost,25/03/2025 21:51,Yasir Rajput,3287020465
grey wireless charger,charger,ab1,found,15/08/2024 21:40,Aleena Tarar,3435365010
blue 65W charger,charger,library,lost,12/09/2025 09:41,Javeria Cheema,3292995878
black micro USB charger,charger,canteen,lost,09/03/2025 15:59,Tahir Tarar,3381792709
grey 45W charger,charger,hostel,lost,20/02/2026 20:20,Irfan Tarar,3273957994
black cable charger,charger,garden,found,02/11/2025 12:11,Javaria Raza,3391644331
brown laptop charger,charger,ab5,found,11/11/2024 13:14,Komal Qureshi,3085450091
blue slim charger,charger,love garden,found,03/07/2024 22:49,Gul Ansari,3049520233
white USB-C charger,charger,ab2,found,06/07/2025 07:20,Huzaifa Dogar,3059669796
white laptop charger,charger,ab4,lost,21/12/2025 15:08,Javeria Hussain,3133022573
white 45W charger,charger,love garden,lost,16/12/2024 11:52,Parveen Abbasi,3407477916
brown 65W charger,charger,ab5,lost,07/02/2024 13:04,Parveen Khawaja,3223704529
grey slim charger,charger,ab2,found,12/02/2026 09:25,Amna Mirza,3345570458
white slim charger,charger,ab3,lost,04/02/2024 13:00,Faisal Dogar,3174257930
brown micro USB charger,charger,library,lost,17/07/2025 15:26,Fatima Dar,3369051051
black magnetic charger,charger,ab2,found,07/09/2025 14:29,Laiba Ali,3420735138
grey padlock keys,keys,ab1,lost,03/02/2024 15:09,Eman Ahmed,3424637713
white labeled keys,keys,cc,found,02/01/2025 16:10,Kiran Toor,3149031177
blue chained keys,keys,canteen,lost,12/02/2026 14:58,Adnan Farooq,3264350848
white padlock keys,keys,parking,found,09/11/2025 18:17,Iqra Jafri,3195136282
brown tagged keys,keys,ab2,found,27/08/2024 10:01,Amna Khawaja,3219454928
black padlock keys,keys,library,found,14/10/2024 08:57,Laiba Butt,3051027894
blue tagged keys,keys,parking,lost,20/04/2025 20:48,Aisha Butt,3074953638
grey spare keys,keys,parking,found,17/09/2024 13:25,Qurat Qureshi,3458990671
black chained keys,keys,canteen,found,14/01/2026 22:19,Alina Ansari,3260923002
brown door keys,keys,ab1,lost,11/06/2025 07:54,Luqman Bhatti,3464206372
blue padlock keys,keys,love garden,found,22/02/2025 11:29,Parveen Gilani,3339591561
blue car keys,keys,cc,lost,02/04/2025 12:34,Ghulam Pasha,3064778037
brown labeled keys,keys,library,found,02/02/2025 23:51,Hamza Siddiqui,3129612112
black tagged keys,keys,ab4,lost,12/09/2024 14:46,Yumna Ali,3055026447
black labeled keys,keys,garden,found,27/11/2024 11:47,Waheed Lodhi,3024390156
brown keychain keys,keys,hostel,lost,11/12/2025 09:10,Hassan Iqbal,3315294201
black flat keys,keys,ab5,lost,22/03/2026 16:39,Bilawal Gilani,3156819258
blue master keys,keys,ab5,lost,03/09/2024 17:46,Qaiser Pasha,3389231762
black keychain keys,keys,ab5,lost,06/09/2024 07:56,Tooba Mirza,3056031039
blue spare keys,keys,ab1,lost,22/05/2025 21:28,Tooba Gilani,3496808579
white keychain keys,keys,garden,lost,22/07/2025 19:13,Sadaf Gilani,3196391823
black door keys,keys,mosque,lost,27/11/2025 17:29,Omaima Siddiqui,3357167031
grey master keys,keys,ab5,lost,12/04/2026 16:13,Uzma Qureshi,3067866121
brown spare keys,keys,library,lost,23/08/2024 20:01,Waseem Gondal,3164029558
brown master keys,keys,mosque,lost,07/01/2025 14:46,Rehan Abbasi,3168061728
white ringed keys,keys,mosque,lost,28/12/2024 10:20,Mehwish Dar,3187776313
grey flat keys,keys,canteen,found,22/10/2024 17:02,Gul Baig,3222016961
grey bike keys,keys,ab1,lost,10/04/2025 20:24,Obaid Siddiqui,3255813624
white chained keys,keys,parking,found,12/11/2025 13:12,Qasim Iqbal,3008115634
brown flat keys,keys,ab3,lost,03/04/2025 21:49,Haider Mirza,3138432192
brown car keys,keys,ab5,lost,27/01/2026 12:28,Imran Hussain,3108737815
blue bike keys,keys,ab5,lost,15/11/2025 20:50,Qasim Cheema,3159637343
white flat keys,keys,ab5,found,20/02/2024 11:36,Erum Ansari,3138453823
blue keychain keys,keys,ab5,lost,15/03/2024 13:56,Ghulam Raza,3184819147
black car keys,keys,mosque,lost,22/02/2025 10:52,Ahmed Chattha,3273408245
white locker keys,keys,ab4,lost,23/02/2024 18:01,Shahzaib Shah,3089155102
grey car keys,keys,love garden,lost,02/03/2026 20:38,Xeenia Ahmed,3082675832
black room keys,keys,ab5,lost,30/06/2024 18:12,Umar Saeed,3289905665
brown ringed keys,keys,parking,lost,22/10/2025 09:33,Durr Mirza,3374495769
white tagged keys,keys,hostel,lost,16/06/2025 09:47,Vaneeza Niazi,3372720394
blue labeled keys,keys,canteen,lost,27/03/2024 23:59,Majid Rajput,3412205680
white bike keys,keys,ab1,lost,14/01/2026 07:50,Usman Gondal,3492377495
white master keys,keys,ab1,lost,14/01/2025 15:00,Osama Iqbal,3026702070
grey locker keys,keys,ab5,lost,30/06/2024 18:24,Kinza Dar,3455984816
blue door keys,keys,cc,lost,03/03/2024 13:45,Usman Hussain,3186113454
brown metal usb drive,usb,mosque,lost,28/01/2024 16:23,Fariha Tarar,3458274607
grey compact usb drive,usb,ab3,lost,21/05/2024 12:17,Ibrahim Toor,3113070923
brown 64gb usb drive,usb,cc,lost,26/12/2024 22:08,Humaira Ahmed,3473761358
blue 128gb usb drive,usb,ab3,lost,22/03/2025 09:42,Yumna Shah,3125645174
grey slim usb drive,usb,ab2,found,29/03/2024 20:44,Irfan Warraich,3437529065
brown 32gb usb drive,usb,library,lost,30/06/2024 17:10,Fariha Shah,3032565404
blue flash usb drive,usb,garden,lost,16/03/2026 17:31,Palwasha Ansari,3182080331
grey plastic usb drive,usb,hostel,lost,17/09/2025 18:58,Haider Sheikh,3155497135
blue 32gb usb drive,usb,library,found,12/03/2025 14:38,Zainab Lodhi,3435890430
black metal usb drive,usb,hostel,found,22/11/2024 10:16,Kiran Chattha,3167306386
white 32gb usb drive,usb,ab4,found,30/05/2024 15:35,Ghulam Pasha,3384536051
blue retractable usb drive,usb,parking,found,08/06/2024 10:01,Siraj Chattha,3218985279
brown plastic usb drive,usb,ab3,lost,23/07/2024 11:17,Huzaifa Iqbal,3225429485
black slim usb drive,usb,ab3,lost,06/04/2026 16:16,Hania Kashmiri,3328392236
grey portable usb drive,usb,ab2,lost,04/03/2025 16:42,Dua Gilani,3083779957
white plastic usb drive,usb,canteen,lost,05/11/2025 17:56,Junaid Ali,3025288416
white slim usb drive,usb,hostel,lost,23/03/2025 23:34,Ghazala Gondal,3462313677
blue compact usb drive,usb,mosque,lost,28/04/2024 08:10,Areeba Khawaja,3312498357
brown slim usb drive,usb,ab4,lost,04/06/2024 13:49,Kiran Ansari,3434361745
grey 128gb usb drive,usb,cc,lost,07/06/2025 08:17,Khalid Siddiqui,3006709542
white compact usb drive,usb,library,lost,14/02/2024 20:34,Sajid Lodhi,3018860844
grey flash usb drive,usb,mosque,lost,04/02/2024 19:01,Rehan Raza,3246112221
brown USB-3 usb drive,usb,mosque,lost,21/08/2025 08:09,Dua Bhatti,3053925121
black flash usb drive,usb,ab2,lost,20/11/2024 15:37,Farhan Mirza,3432542006
grey 16gb usb drive,usb,ab3,lost,17/11/2025 14:56,Vaneeza Cheema,3452082734
brown flash usb drive,usb,cc,lost,09/04/2025 20:36,Tehmina Chattha,3256982166
blue 8gb usb drive,usb,ab4,found,24/11/2025 20:59,Alina Malik,3060763380
brown retractable usb drive,usb,cc,lost,21/07/2025 23:49,Dua Mirza,3297857818
black plastic usb drive,usb,cc,lost,17/04/2024 18:57,Uzma Abbasi,3263315029
white 8gb usb drive,usb,ab3,found,22/08/2024 18:48,Hira Gondal,3495419347
blue branded usb drive,usb,parking,lost,13/09/2025 08:39,Daniyal Ansari,3444441705
white branded usb drive,usb,ab1,lost,20/09/2024 20:19,Tanveer Abbasi,3120050911
blue USB-3 usb drive,usb,ab5,found,17/08/2024 08:45,Omar Sheikh,3287737422
blue metal usb drive,usb,library,lost,21/06/2024 15:05,Fariha Chaudhry,3267436727
white metal usb drive,usb,ab1,lost,09/04/2026 14:51,Eman Farooq,3015779313
black scientific calculator,calculator,cc,lost,21/01/2025 19:06,Iram Hussain,3734036506
black slim Dell laptop,laptop,block 3,lost,23/03/2025 19:41,Iram Latif,3336696312
brown slim laptop,laptop,ab1,lost,12/06/2025 10:13,Laiba Iqbal,3199585092
black folding wallet,wallet,hostel,lost,15/10/2024 19:29,Yasir Butt,3506448196
brown library id card,id_card,mosque,found,06/09/2025 17:12,Areeba Ali,3810026086
brown wireless earbuds,earbuds,hostel,found,25/09/2025 12:29,Farhan Qureshi,3497478786
black card wallet,wallet,ground,lost,13/11/2024 17:40,Zara Hanif,3882893941
black sport earbuds,earbuds,block 1,found,25/03/2026 11:43,Rida Farooq,3345938494
black keychain keys,keys,block 1,lost,04/04/2026 22:45,Danish Abbasi,3803771909
brown smart watch,watch,block 2,lost,11/05/2025 19:35,Yasir Rizvi,3902099969
brown reusable bottle,bottle,block 1,lost,20/01/2025 16:31,Fatima Farooq,3217734861
black cracked-screen OPPO phone,phone,block 1,lost,24/12/2025 16:16,Kashif Khan,3830448745
black mini umbrella,umbrella,love garden,found,15/08/2025 09:18,Anam Qureshi,3587182120
brown access id card,id_card,cc,lost,18/12/2024 21:40,Junaid Zafar,3753876785
black slim phone,phone,block 4,found,26/02/2026 22:00,Rida Usman,3120912992
brown library id card,id_card,garden,lost,05/05/2025 22:36,Hassan Hussain,3885879795
black casual watch,watch,block 4,lost,31/12/2025 16:10,Saima Munir,3751325257
black used laptop,laptop,block 1,lost,18/09/2025 15:57,Arslan Rehman,3229927269
black wireless earbuds,earbuds,ab5,lost,24/04/2025 17:14,Zain Malik,3860038427
black pocket calculator,calculator,library,lost,05/08/2025 09:32,Kamran Ansari,3818309417
black sport watch,watch,ab1,found,08/04/2026 17:30,Hira Hasan,3967043303
black portable Asus laptop,laptop,ab5,lost,26/10/2024 18:41,Ali Farooq,3532311310
brown auto-open umbrella,umbrella,hostel,lost,14/03/2025 16:28,Nadia Sattar,3297018781
brown noise-cancelling earbuds,earbuds,love garden,lost,18/03/2026 09:03,Iram Khan,3200140141
black lined notebook,notebook,block 1,lost,16/10/2025 22:03,Zara Saleem,3102314313
brown long wallet,wallet,ab3,lost,24/03/2026 18:45,Salman Sheikh,3303901283
black wireless earbuds,earbuds,block 5,lost,19/07/2025 08:03,Afshan Zafar,3670292350
black flagship Vivo phone,phone,library,lost,29/04/2025 14:07,Hira Tariq,3738360085
black photo id card,id_card,parking,lost,21/07/2025 22:16,Waqas Raza,3356287095
brown noise-cancelling earbuds,earbuds,parking,lost,21/07/2025 22:48,Alina Khan,3592080329
black scientific calculator,calculator,block 4,lost,14/01/2025 22:22,Areeba Hashmi,3496776692
black sport earbuds,earbuds,hostel,lost,24/02/2026 08:42,Kashif Javed,3812308209
black university id card,id_card,ab1,lost,21/03/2026 10:17,Rizwan Akhtar,3326161867
brown compact umbrella,umbrella,parking,found,31/01/2026 15:16,Omar Hussain,3781057736
brown slim Dell laptop,laptop,mosque,lost,27/11/2025 16:45,Waleed Waheed,3110382761
black staff id card,id_card,washroom,lost,14/09/2025 17:35,Asad Sattar,3236843584
brown university id card,id_card,washroom,found,11/10/2024 22:22,Waqas Hashmi,3816114302
brown library id card,id_card,block 5,found,06/02/2025 22:59,Kamran Qureshi,3958872154
black bike keys,keys,library,lost,07/08/2025 20:59,Shoaib Hashmi,3386480450
black dual-sim phone,phone,hostel,lost,16/12/2025 13:19,Nimra Baig,3125409494
black basic calculator,calculator,ab5,found,13/06/2025 13:41,Huma Mehmood,3829627019
brown flash usb drive,usb,library,found,02/03/2025 17:16,Adnan Iqbal,3740563507
brown gaming Acer laptop,laptop,ab1,found,14/03/2025 12:02,Anam Khan,3658260221
black cable charger,charger,block 2,found,05/08/2025 17:20,Hina Javed,3644518647
brown in-ear earbuds,earbuds,block 1,lost,09/01/2025 11:26,Ahsan Siddiqui,3760904107
brown sling bag,bag,block 4,lost,21/06/2025 11:27,Rida Aziz,3574364121
black 15-inch laptop,laptop,canteen,lost,26/11/2024 12:32,Saad Hussain,3978775497
black ruled notebook,notebook,ab4,found,29/01/2025 08:02,Hira Hasan,3756350429
black 32gb usb drive,usb,block 1,lost,19/03/2025 19:44,Bushra Usman,3529123992
black wired earbuds,earbuds,parking,found,19/12/2024 20:27,Shahid Siddiqui,3963406382
brown reading glasses,glasses,block 4,found,03/01/2025 15:08,Sundas Munir,3700141462
brown flask bottle,bottle,love garden,lost,30/01/2026 14:53,Kashif Rehman,3270894498
brown hard-cover notebook,notebook,ab3,lost,11/06/2025 20:49,Arslan Usman,3772966010
brown sport earbuds,earbuds,library,lost,06/06/2025 13:20,Iram Hussain,3248578017
black dual-sim phone,phone,ground,lost,23/10/2025 13:34,Sundas Latif,3166857303
brown dual-sim phone,phone,block 5,lost,13/04/2026 14:30,Zain Aslam,3420632895
brown plain notebook,notebook,love garden,found,06/03/2026 19:47,Iram Akhtar,3336801619
black wrist watch,watch,block 2,lost,11/08/2025 18:43,Urwa Qureshi,3601856351
black dual-sim phone,phone,parking,lost,13/11/2025 10:55,Sundas Siddiqui,3153992714
brown in-ear earbuds,earbuds,ab2,lost,24/09/2025 12:48,Noor Rizvi,3996478772
brown student id card,id_card,cc,lost,25/08/2025 11:41,Areeba Ali,3909851739
black laminated id card,id_card,hostel,lost,03/05/2025 10:30,Bilal Nasir,3334037646
brown casual watch,watch,ab5,lost,27/12/2024 20:52,Tariq Javed,3216070149
black steel bottle,bottle,block 5,found,20/09/2025 14:45,Amna Malik,3735760237
black prescription glasses,glasses,ground,lost,02/01/2025 20:36,Sidra Aslam,3672030854
brown portable laptop,laptop,ab5,found,15/01/2026 09:27,Farhan Aziz,3859466878
brown touchscreen phone,phone,canteen,lost,06/03/2026 20:30,Sundas Sattar,3986625773
brown travel umbrella,umbrella,hostel,found,28/11/2024 12:56,Shanza Hashmi,3905817775
brown wrist watch,watch,library,found,06/03/2025 15:13,Zainab Rizvi,3465436049
brown compact earbuds,earbuds,library,found,27/11/2024 11:46,Shoaib Usman,3696115913
black ruled notebook,notebook,block 2,lost,03/12/2025 20:01,Fatima Naqvi,3337937327
black compact laptop,laptop,ab5,lost,19/08/2025 14:47,Kashif Nawaz,3477753674
brown travel umbrella,umbrella,ab4,lost,17/03/2025 13:07,Yasir Siddiqui,3305665554
brown slim phone,phone,hall,lost,17/06/2025 09:53,Faisal Naqvi,3344258191
black card wallet,wallet,library,lost,08/06/2025 08:03,Kashif Naqvi,3848846217
brown android phone,phone,block 5,lost,26/11/2025 13:11,Omar Rizvi,3612957813
black photo id card,id_card,block 3,lost,25/10/2024 10:09,Junaid Hussain,3366493008
brown access id card,id_card,block 5,lost,18/02/2026 14:28,Babar Javed,3731924051
brown slim laptop,laptop,ground,found,01/04/2025 18:13,Saima Hussain,3268638768
black compact earbuds,earbuds,library,lost,06/12/2025 19:38,Jawad Naqvi,3135046782
brown wired earbuds,earbuds,ab3,found,12/11/2024 18:14,Saima Tariq,3809939880
black wall charger,charger,library,lost,31/01/2025 22:17,Asad Malik,3164035859
brown flagship phone,phone,block 5,lost,06/01/2025 15:44,Junaid Mehmood,3392322121
brown leather-strap watch,watch,library,lost,17/11/2025 19:20,Imran Ahmed,3198061499
black bluetooth earbuds,earbuds,parking,lost,12/10/2024 20:48,Hamza Hasan,3657233178
brown solar calculator,calculator,ab2,lost,17/01/2026 09:30,Mohsin Latif,3457887167
black bifold wallet,wallet,ab5,lost,23/06/2025 18:25,Kashif Ali,3588365604
brown university id card,id_card,ab4,found,19/10/2025 21:32,Zain Hanif,3596043327
black used laptop,laptop,mosque,lost,27/11/2025 20:03,Waqas Ansari,3689720101
brown dual-sim phone,phone,block 3,lost,04/05/2025 19:10,Anum Waheed,3114682844
brown zipper bag,bag,ab3,found,26/12/2024 15:07,Maham Usman,3869446962
brown sport earbuds,earbuds,hostel,found,08/05/2025 15:35,Asad Saleem,3304666325
black flask bottle,bottle,library,found,30/10/2025 13:59,Zubair Ansari,3981058292
brown staff id card,id_card,ab4,lost,15/01/2026 21:09,Shanza Hanif,3620057604
brown flat wallet,wallet,block 2,lost,13/03/2025 19:15,Bushra Baig,3932734539
black gaming laptop,laptop,ground,found,01/10/2025 18:50,Maham Usman,3139749508
brown android phone,phone,block 2,lost,12/12/2025 08:46,Asad Latif,3803066091
black dual-sim phone,phone,ab3,lost,13/10/2025 18:05,Saad Hanif,3508031980
brown bluetooth earbuds,earbuds,block 4,lost,29/04/2025 18:43,Rizwan Baig,3901834280
brown student id card,id_card,cc,lost,12/12/2024 15:10,Junaid Ahmed,3149382425
black card wallet,wallet,ab5,lost,09/05/2025 16:26,Sana Qureshi,3287979290
brown access id card,id_card,parking,lost,21/04/2026 10:14,Sundas Rizvi,3593460064
black bluetooth earbuds,earbuds,block 2,lost,14/03/2026 10:04,Babar Aslam,3730900313
brown wired earbuds,earbuds,ab3,found,23/03/2025 14:54,Afshan Iqbal,3354697684
brown card wallet,wallet,hall,lost,11/10/2025 12:00,Omar Akhtar,3900122509
brown casual watch,watch,garden,lost,27/08/2025 11:40,Faisal Zaidi,3369108475
black prescription glasses,glasses,washroom,lost,14/07/2025 20:28,Adnan Tariq,3491766764
black folding umbrella,umbrella,washroom,lost,31/10/2025 10:12,Usman Hanif,3492836532
brown tote bag,bag,ab3,found,07/01/2026 20:18,Laiba Butt,3602866993
black library id card,id_card,canteen,found,12/10/2025 21:51,Farhan Hussain,3948988297
black card wallet,wallet,block 4,lost,27/05/2025 17:24,Mehwish Iqbal,3824600232
brown wireless earbuds,earbuds,mosque,found,02/08/2025 22:39,Shahid Malik,3782259766
brown small keys,keys,mosque,lost,17/10/2024 08:19,Tooba Butt,3204359116
black sport earbuds,earbuds,block 2,lost,08/03/2026 14:37,Maham Latif,3803217037
brown access id card,id_card,block 1,found,04/10/2024 19:23,Iqra Rehman,3577488537
brown wireless earbuds,earbuds,hall,lost,03/09/2025 08:25,Maryam Mirza,3231167999
brown flash usb drive,usb,parking,lost,22/09/2024 08:50,Saad Hashmi,3235209737
black usb-c charger,charger,hostel,lost,24/04/2026 11:52,Nimra Nawaz,3931471931
black slim phone,phone,ab1,lost,15/05/2025 20:11,Bilal Ahmed,3241522640
brown library id card,id_card,garden,lost,17/09/2024 10:16,Omar Chaudhry,3896413702
black portable Lenovo laptop,laptop,block 3,lost,29/01/2026 11:39,Sidra Munir,3423873102
black slim laptop,laptop,hostel,lost,20/12/2024 15:45,Babar Malik,3186748119
black leather wallet,wallet,ab1,lost,23/04/2026 16:45,Rida Saleem,3741444618
brown laptop bag,bag,block 3,lost,27/12/2024 21:41,Kashif Abbasi,3561784080
black 14-inch Asus laptop,laptop,block 1,lost,18/07/2025 14:20,Imran Rafiq,3263894795
brown prescription glasses,glasses,library,lost,17/11/2025 09:47,Mehwish Chaudhry,3697398528
brown staff id card,id_card,ab1,lost,08/11/2025 21:58,Omar Naqvi,3744685429
brown wireless earbuds,earbuds,block 5,lost,07/01/2026 11:54,Ayesha Aslam,3697285504
black card wallet,wallet,block 5,found,29/03/2026 20:52,Sobia Akhtar,3806340901
brown metal keys,keys,ab2,lost,14/07/2025 22:21,Mohsin Khan,3294782734
brown android Samsung phone,phone,library,lost,21/09/2025 14:29,Laiba Qureshi,3497341481
brown bluetooth earbuds,earbuds,canteen,lost,24/10/2024 10:10,Omar Hussain,3392168202
brown 15-inch laptop,laptop,block 1,lost,07/02/2026 09:22,Anam Butt,3404133583
brown tinted glasses,glasses,library,lost,27/10/2024 08:13,Junaid Abbasi,3923935280
brown slim Samsung phone,phone,block 3,lost,11/01/2025 14:34,Nimra Zafar,3699924859
brown tagged keys,keys,block 1,lost,21/11/2025 08:29,Alina Raza,3718216692
brown 14-inch Asus laptop,laptop,library,lost,16/12/2025 21:44,Farhan Hussain,3568915703
black portable usb drive,usb,block 2,lost,20/11/2024 14:55,Anum Nawaz,3337911187
black leather wallet,wallet,block 3,lost,05/02/2026 11:57,Mohsin Aslam,3881017363
black flat keys,keys,library,lost,25/02/2025 17:09,Alina Siddiqui,3929839316
brown basic calculator,calculator,cc,found,04/12/2025 18:59,Rida Raza,3262089272
black 15-inch Lenovo laptop,laptop,garden,lost,27/08/2025 16:04,Anum Aziz,3585238820
black university id card,id_card,hostel,lost,02/12/2024 17:38,Zubair Saleem,3596832859
black sports bottle,bottle,washroom,lost,12/03/2025 13:38,Jawad Zafar,3261985842
brown student id card,id_card,garden,found,26/11/2024 16:41,Hamza Ali,3366012797
brown small umbrella,umbrella,block 3,lost,08/09/2025 13:58,Rizwan Saleem,3538912794
brown wireless charger,charger,mosque,found,09/08/2025 09:21,Ali Waheed,3828404274
brown card wallet,wallet,ground,lost,01/02/2025 13:05,Asad Aslam,3433108786
brown pocket calculator,calculator,block 5,found,15/07/2025 16:24,Saad Chaudhry,3819532005
black mini umbrella,umbrella,parking,lost,19/09/2024 13:19,Sana Abbasi,3466932310
brown lined notebook,notebook,ab3,lost,19/11/2024 12:54,Ali Zafar,3927720428
black backpack bag,bag,love garden,lost,21/09/2025 10:10,Sana Zaidi,3968704078
brown android Infinix phone,phone,canteen,lost,04/12/2025 11:34,Kamran Javed,3968253265
brown type-c charger,charger,ab2,lost,08/04/2026 15:29,Rizwan Saleem,3639991949
brown tote bag,bag,garden,found,20/01/2025 21:16,Omar Hasan,3498585961
black zipper bag,bag,ab3,found,07/06/2025 15:57,Huma Sheikh,3992329618
black used laptop,laptop,love garden,found,30/10/2025 08:25,Zubair Rafiq,3353164777
black folding wallet,wallet,ab3,lost,11/12/2024 21:45,Saad Sheikh,3247746438
brown library id card,id_card,block 2,found,25/12/2025 15:39,Zain Hussain,3120405269
black bluetooth earbuds,earbuds,ab1,found,23/02/2026 14:07,Rizwan Hashmi,3423358638
black laminated id card,id_card,block 1,found,13/12/2025 09:07,Tooba Akhtar,3675583372
black staff id card,id_card,ab1,lost,28/08/2025 11:36,Noor Siddiqui,3813363254
black sport glasses,glasses,library,lost,02/02/2026 20:32,Kashif Ahmed,3519246503
black smart watch,watch,block 1,lost,17/09/2024 13:50,Areeba Aslam,3358906986
black auto-open umbrella,umbrella,block 5,found,15/01/2025 08:22,Iram Nawaz,3973498494
black fx calculator,calculator,garden,lost,04/01/2026 18:11,Nadia Malik,3868847524
brown usb-c charger,charger,ab4,lost,24/03/2025 22:02,Danish Javed,3653388913
brown card wallet,wallet,library,lost,20/06/2025 13:55,Omar Nawaz,3393364102
brown dual-sim phone,phone,cc,found,01/10/2025 13:11,Tooba Usman,3494435754
brown type-c charger,charger,library,lost,15/11/2025 17:52,Sana Hanif,3415429295
black leather wallet,wallet,ab5,lost,01/12/2025 17:45,Waleed Qureshi,3840629322
brown 15-inch Lenovo laptop,laptop,mosque,lost,29/10/2024 09:42,Urwa Rafiq,3650921917
black usb-c charger,charger,ab1,lost,23/11/2025 08:08,Areeba Hashmi,3935924516
brown solar calculator,calculator,block 1,lost,05/02/2025 18:28,Mehwish Rafiq,3576676179
black small notebook,notebook,ab1,lost,19/07/2025 18:17,Hira Butt,3127824235
black small umbrella,umbrella,block 3,found,30/12/2024 12:49,Saima Rehman,3330393232
brown insulated bottle,bottle,washroom,lost,04/01/2025 10:54,Alina Rehman,3285388355
brown folding umbrella,umbrella,garden,found,25/07/2025 18:22,Areeba Waheed,3682152066
brown bluetooth earbuds,earbuds,ab1,lost,26/02/2025 20:23,Huma Baig,3230311939
black touchscreen phone,phone,library,lost,13/09/2025 15:51,Kashif Chaudhry,3757074545
black university id card,id_card,block 1,lost,04/01/2026 16:26,Shoaib Nasir,3179189225
brown cracked-screen Nokia phone,phone,parking,lost,19/03/2026 18:37,Sana Chaudhry,3564520346
black casual watch,watch,ab1,lost,16/02/2025 10:20,Shahid Aslam,3657162259
black in-ear earbuds,earbuds,ab2,found,09/06/2025 10:40,Junaid Zaidi,3672817675
black access id card,id_card,canteen,lost,12/08/2025 21:59,Sidra Ahmed,3187212377
brown staff id card,id_card,ab2,lost,02/10/2024 15:56,Iram Naqvi,3789242701
brown noise-cancelling earbuds,earbuds,garden,lost,02/07/2025 15:04,Eman Qureshi,3572022811
brown 15-inch Acer laptop,laptop,ab1,found,24/07/2025 19:55,Mohsin Mehmood,3240409084
brown small notebook,notebook,block 5,lost,22/12/2025 09:17,Shanza Hashmi,3251266214
black university id card,id_card,canteen,found,03/11/2025 11:55,Tariq Raza,3720286733
brown compact umbrella,umbrella,cc,lost,10/02/2026 15:31,Anum Usman,3124885365
brown access id card,id_card,block 2,lost,21/04/2026 13:03,Omar Naqvi,3631388604
brown steel bottle,bottle,block 4,found,16/11/2025 10:56,Saima Rafiq,3920184955
brown slim Acer laptop,laptop,block 5,lost,23/06/2025 09:24,Zubair Rehman,3920772671
brown zipper bag,bag,ab1,lost,18/09/2025 20:21,Farhan Sheikh,3313736772
brown reusable bottle,bottle,library,lost,08/08/2025 20:30,Arslan Aziz,3259923818
black steel bottle,bottle,washroom,lost,08/10/2025 17:47,Junaid Tariq,3461178244
brown smart watch,watch,block 5,lost,18/09/2024 13:21,Bilal Latif,3726745401
black compact earbuds,earbuds,block 2,found,16/04/2026 17:14,Omar Tariq,3615877957
brown touchscreen phone,phone,ab3,lost,22/12/2024 11:01,Babar Raza,3549661921
brown cracked-screen Nokia phone,phone,love garden,lost,03/11/2024 19:08,Arslan Abbasi,3702247585
brown flat wallet,wallet,ab4,lost,28/02/2026 13:34,Zainab Rizvi,3755064741
black digital watch,watch,ab3,lost,02/07/2025 20:18,Waqas Usman,3440419907
brown sport watch,watch,canteen,found,08/06/2025 12:07,Iram Saleem,3523625992
brown ringed keys,keys,ab4,lost,20/11/2024 13:59,Babar Rizvi,3902448600
black digital watch,watch,hostel,lost,30/03/2026 19:17,Nadia Iqbal,3761078179
black lined notebook,notebook,library,found,20/04/2025 18:14,Omar Iqbal,3543778963
brown leather wallet,wallet,parking,lost,18/03/2026 22:10,Shoaib Hasan,3612656440
black fx calculator,calculator,canteen,lost,31/10/2024 22:49,Fatima Nasir,3349344539
black tote bag,bag,block 1,found,08/10/2024 21:25,Tooba Siddiqui,3904236062
black wireless earbuds,earbuds,ab4,lost,10/08/2025 12:29,Iram Munir,3630334421
brown slim OPPO phone,phone,ab5,lost,22/05/2025 19:11,Rabia Nawaz,3949080318
black noise-cancelling earbuds,earbuds,mosque,lost,21/10/2025 21:27,Huma Raza,3193133974
black bifold wallet,wallet,hall,lost,13/05/2025 08:16,Bushra Hashmi,3579678614
brown pocket notebook,notebook,ab4,lost,12/09/2024 12:41,Farhan Hashmi,3166705490
black square glasses,glasses,ab4,lost,28/01/2026 22:57,Anum Butt,3785811060
brown compact earbuds,earbuds,ab2,found,03/01/2026 10:29,Mehwish Latif,3853703117
brown canvas bag,bag,cc,lost,23/11/2024 16:28,Shaista Rafiq,3183862154
black shoulder bag,bag,hostel,found,27/03/2025 17:34,Maham Qureshi,3452313624
brown flash usb drive,usb,parking,lost,14/01/2026 09:57,Huma Rehman,3968326513
brown laminated id card,id_card,block 3,lost,30/10/2024 16:29,Anum Ahmed,3525146690
black wired earbuds,earbuds,ab2,lost,08/11/2025 13:44,Areeba Hanif,3164698991
brown student id card,id_card,ab3,lost,17/01/2025 20:41,Noor Rafiq,3510684364
brown 14-inch Apple laptop,laptop,love garden,lost,23/08/2025 09:11,Yasir Mehmood,3667840357
black android phone,phone,hall,lost,12/03/2026 14:34,Ahsan Baig,3365764028
brown business Apple laptop,laptop,cc,lost,04/11/2025 17:49,Sara Hashmi,3321278458
black access id card,id_card,library,lost,20/10/2024 11:47,Sidra Mehmood,3571332733
black bluetooth earbuds,earbuds,hostel,lost,29/01/2026 12:14,Danish Nasir,3742009209
brown lined notebook,notebook,ab4,lost,16/02/2026 11:26,Junaid Ansari,3165452764
black sling bag,bag,block 4,lost,19/08/2025 18:42,Ahsan Munir,3442238518
brown round glasses,glasses,ab1,lost,05/03/2026 15:15,Shahid Javed,3859754807
brown android phone,phone,canteen,lost,16/01/2025 14:15,Imran Abbasi,3454617185
black basic calculator,calculator,hostel,lost,15/03/2025 08:17,Ahsan Akhtar,3747382621
black laminated id card,id_card,garden,lost,27/03/2026 11:30,Waqas Nawaz,3425545658
black laminated id card,id_card,canteen,lost,04/01/2026 22:15,Waqas Mehmood,3356979659
brown drawstring bag,bag,block 1,lost,03/09/2025 12:16,Farhan Zafar,3633947427
black casual watch,watch,hall,lost,25/07/2025 22:13,Mehwish Raza,3544454140
black staff id card,id_card,ab1,lost,22/04/2026 17:46,Noor Naqvi,3263650505
brown touchscreen Infinix phone,phone,block 3,lost,12/08/2025 12:48,Salman Usman,3594811370
brown touchscreen Nokia phone,phone,ab2,found,31/10/2024 16:02,Alina Farooq,3920702588
brown laminated id card,id_card,hostel,lost,02/02/2025 08:13,Zubair Aziz,3500721199
brown staff id card,id_card,block 3,lost,19/03/2026 14:00,Sara Munir,3875448533
brown wireless earbuds,earbuds,block 3,lost,15/11/2025 20:58,Hamza Iqbal,3203416251
black canvas bag,bag,ab2,lost,29/08/2025 12:50,Talha Hussain,3500561082
brown used laptop,laptop,ab3,lost,22/11/2024 18:54,Adnan Hussain,3535164258
brown long wallet,wallet,library,lost,23/02/2025 09:31,Anam Nawaz,3707583925
black 64gb usb drive,usb,washroom,lost,04/04/2026 15:17,Sidra Malik,3834899763
black noise-cancelling earbuds,earbuds,washroom,lost,01/04/2025 17:09,Talha Malik,3421346113
black flagship phone,phone,block 1,found,06/08/2025 14:48,Nadia Hussain,3637722224
brown spiral notebook,notebook,library,lost,17/11/2024 13:38,Talha Raza,3131810311
brown fx calculator,calculator,hall,lost,31/08/2025 16:24,Anam Siddiqui,3829816799
brown water bottle,bottle,cc,lost,11/05/2025 19:04,Hassan Ansari,3265593497
black flat wallet,wallet,ab4,lost,06/09/2024 12:28,Farhan Ansari,3209770151
black touchscreen Tecno phone,phone,library,lost,22/03/2026 09:38,Rida Saleem,3113250637
brown sport earbuds,earbuds,garden,lost,27/03/2026 22:15,Arslan Qureshi,3835852444
black bifold wallet,wallet,ab3,lost,28/01/2025 09:10,Anam Ansari,3552155193
brown bluetooth earbuds,earbuds,library,lost,11/05/2025 19:40,Tooba Akhtar,3762143074
brown android Samsung phone,phone,canteen,lost,25/09/2025 20:55,Saad Rehman,3459420281
black compact Apple laptop,laptop,ab2,lost,13/10/2025 13:18,Salman Nasir,3939638591
brown sport earbuds,earbuds,ab3,found,09/09/2025 09:59,Amna Tariq,3685864775
black cracked-screen Infinix phone,phone,block 2,lost,10/11/2024 21:54,Shoaib Usman,3249442440
brown pocket calculator,calculator,ab3,lost,08/11/2025 20:24,Alina Rehman,3742026586
brown sport watch,watch,block 3,found,03/11/2025 16:02,Farhan Hanif,3737609304
black scientific calculator,calculator,cc,lost,30/08/2025 10:41,Sidra Nasir,3792596980
brown sport glasses,glasses,canteen,lost,11/09/2024 09:16,Shahid Zafar,3901927335
black leather-strap watch,watch,ab5,lost,26/04/2026 19:32,Maham Aslam,3126373949
black wrist watch,watch,block 1,found,28/12/2024 21:46,Asad Aslam,3434889710
brown zipped wallet,wallet,block 3,lost,09/12/2024 15:46,Shanza Raza,3172127903
black bluetooth earbuds,earbuds,ground,lost,18/08/2025 18:06,Zara Hashmi,3654044237
black slim phone,phone,canteen,lost,20/10/2025 18:11,Sana Sattar,3524753348
black photo id card,id_card,block 5,lost,08/04/2025 11:17,Areeba Nasir,3209255425
black cable charger,charger,ab4,lost,27/05/2025 18:55,Salman Munir,3786237617
brown compact earbuds,earbuds,block 1,lost,27/08/2025 21:29,Hamza Javed,3759797724
black insulated bottle,bottle,ab1,lost,10/07/2025 09:11,Mehwish Sheikh,3648494024
brown bifold wallet,wallet,block 5,lost,12/01/2026 18:34,Hamza Waheed,3279170491
brown digital watch,watch,ab2,found,25/10/2024 21:22,Rabia Usman,3246603034
brown flagship phone,phone,block 3,lost,31/10/2025 19:53,Babar Usman,3279587066
black library id card,id_card,cc,lost,09/06/2025 11:34,Rizwan Qureshi,3938313402
brown portable laptop,laptop,ab3,lost,11/09/2025 16:52,Sidra Rehman,3686642360
brown android phone,phone,mosque,lost,04/10/2024 15:16,Mohsin Hussain,3571447714
black laminated id card,id_card,garden,lost,26/08/2025 21:45,Waleed Qureshi,3761587312
black touchscreen phone,phone,block 5,lost,06/03/2026 10:20,Khadija Naqvi,3714970148
black noise-cancelling earbuds,earbuds,canteen,found,31/10/2024 12:55,Usman Chaudhry,3368088898
brown touchscreen phone,phone,parking,lost,15/04/2026 18:17,Noor Saleem,3585322421
black photo id card,id_card,block 3,lost,13/09/2025 15:31,Rida Tariq,3102655449
black ruled notebook,notebook,hall,lost,02/09/2025 21:04,Yasir Mehmood,3333893106
black 15-inch Lenovo laptop,laptop,ab5,lost,03/04/2026 21:31,Laiba Farooq,3149330844
brown student id card,id_card,ab1,found,26/11/2025 15:00,Waleed Mirza,3839369897
brown touchscreen phone,phone,love garden,lost,05/09/2025 12:05,Mehwish Qureshi,3155606161
brown zipped wallet,wallet,block 2,lost,07/12/2024 08:13,Afshan Malik,3242485313
black reusable bottle,bottle,parking,lost,18/08/2025 21:07,Waleed Chaudhry,3612926731
black photo id card,id_card,library,found,15/12/2024 13:23,Junaid Chaudhry,3510943598
black ruled notebook,notebook,hall,lost,26/02/2026 17:00,Zara Rehman,3477084942
black mini umbrella,umbrella,cc,found,28/11/2025 21:13,Fatima Iqbal,3250337960
black small notebook,notebook,ground,lost,14/11/2025 13:50,Nadia Hashmi,3397391755
black pocket calculator,calculator,block 4,lost,19/06/2025 20:44,Sobia Javed,3320595661
black smart watch,watch,block 1,lost,04/05/2025 15:24,Bilal Hashmi,3636422667
black handheld calculator,calculator,love garden,lost,05/09/2025 22:20,Usman Saleem,3710293796
brown business laptop,laptop,canteen,found,18/09/2024 17:04,Rabia Rizvi,3331652222
black library id card,id_card,block 1,lost,27/01/2026 20:26,Waleed Mehmood,3188506190
black solar calculator,calculator,library,lost,28/03/2025 20:09,Yasir Raza,3519544755
black steel bottle,bottle,ground,lost,03/05/2025 08:15,Fatima Sattar,3224539647
black compact laptop,laptop,parking,lost,13/09/2024 19:08,Rabia Qureshi,3633019326
brown bifold wallet,wallet,ab5,lost,03/06/2025 19:56,Hina Ahmed,3459715348
brown cable charger,charger,block 3,lost,14/04/2026 18:04,Tooba Aziz,3648447868
black long wallet,wallet,hostel,lost,09/02/2025 12:49,Ayesha Nasir,3823831302
black compact umbrella,umbrella,cc,lost,13/09/2024 11:02,Jawad Rafiq,3511221078
black android phone,phone,washroom,lost,04/11/2025 11:20,Hira Latif,3873403266
brown bluetooth earbuds,earbuds,library,lost,28/01/2026 18:57,Omar Siddiqui,3339643129
black wall charger,charger,library,lost,17/06/2025 20:54,Anum Raza,3192755745
brown shoulder bag,bag,ab5,lost,09/07/2025 19:39,Hira Aziz,3495430792
brown flask bottle,bottle,cc,lost,14/03/2026 20:50,Hira Sheikh,3106848195
black used laptop,laptop,mosque,lost,10/09/2024 13:00,Ahsan Javed,3211614410
black dual-sim Samsung phone,phone,hall,lost,14/06/2025 09:02,Nimra Munir,3543516366
brown small umbrella,umbrella,hall,lost,07/12/2024 16:08,Talha Malik,3735543236
black sling bag,bag,parking,lost,26/06/2025 12:54,Danish Mehmood,3852398388
brown keychain keys,keys,block 2,lost,27/03/2025 10:49,Ayesha Sheikh,3213449146
brown dual-sim OPPO phone,phone,block 4,found,01/04/2025 15:19,Sundas Rizvi,3228756206
black library id card,id_card,parking,found,12/10/2024 11:53,Rida Sheikh,3197939109
black travel umbrella,umbrella,block 1,lost,04/07/2025 12:52,Hamza Ahmed,3534212844
brown 64gb usb drive,usb,cc,lost,18/12/2025 09:51,Nadia Butt,3112838650
black laminated id card,id_card,ab2,lost,26/11/2024 17:37,Saima Malik,3123407763
black staff id card,id_card,block 2,lost,06/08/2025 09:02,Sundas Farooq,3280377032
brown flask bottle,bottle,ground,lost,27/09/2025 18:27,Hamza Aslam,3330549659
brown slim Vivo phone,phone,library,lost,10/05/2025 18:18,Tooba Latif,3691297450
black analog watch,watch,ab3,lost,24/03/2025 18:56,Shaista Hashmi,3777267364
black wall charger,charger,garden,lost,12/03/2026 20:31,Mohsin Nasir,3639440654
brown card wallet,wallet,ab2,lost,13/04/2025 08:57,Maryam Farooq,3968285490
brown casual watch,watch,block 5,lost,11/02/2025 09:15,Kamran Ansari,3673044801
black flat keys,keys,block 5,found,03/10/2025 13:59,Hamza Siddiqui,3353994846
brown flask bottle,bottle,ground,lost,29/04/2026 08:45,Zainab Nasir,3705167856
black dual-sim phone,phone,ab2,lost,28/10/2024 11:38,Shahid Ahmed,3665269791
black wrist watch,watch,washroom,lost,12/01/2025 13:45,Hamza Raza,3163947730
black access id card,id_card,ground,lost,23/12/2024 21:33,Farhan Malik,3501140044
brown portable umbrella,umbrella,library,lost,18/01/2025 10:46,Anam Usman,3797052007
black wired earbuds,earbuds,canteen,lost,01/09/2025 11:42,Hamza Saleem,3429448930
brown compact umbrella,umbrella,ab2,lost,10/04/2026 14:54,Adnan Siddiqui,3746809909
black wired earbuds,earbuds,block 5,found,23/01/2025 13:47,Alina Hashmi,3472384530
black wired earbuds,earbuds,love garden,lost,10/08/2025 15:00,Saima Abbasi,3367942460
black sport glasses,glasses,ab3,lost,02/09/2024 08:24,Babar Latif,3278604541
brown 14-inch Asus laptop,laptop,library,lost,15/04/2026 18:48,Shahid Qureshi,3584566178
black university id card,id_card,library,lost,17/12/2024 09:21,Zara Saleem,3272769884
black portable umbrella,umbrella,canteen,found,13/08/2025 17:39,Afshan Ahmed,3563129902
black handheld calculator,calculator,love garden,lost,13/12/2024 13:13,Faisal Latif,3848609261
brown drawstring bag,bag,ab4,lost,08/10/2025 17:35,Salman Sheikh,3158524142
black flat wallet,wallet,library,found,05/01/2026 11:06,Sobia Abbasi,3283429671
brown scientific calculator,calculator,block 2,lost,13/10/2025 15:31,Saima Hussain,3789198776
brown tote bag,bag,ab5,lost,11/03/2025 15:02,Saima Rehman,3599352182
black bluetooth earbuds,earbuds,ab3,lost,09/12/2024 09:42,Mohsin Hanif,3544514776
black small notebook,notebook,library,lost,18/02/2026 14:34,Jawad Nasir,3353018691
brown analog watch,watch,block 1,found,06/10/2024 16:36,Arslan Nasir,3827497537
black water bottle,bottle,canteen,lost,19/02/2025 11:51,Faisal Chaudhry,3145822897
black 14-inch Apple laptop,laptop,ab1,lost,25/07/2025 22:46,Areeba Hussain,3516718295
brown backpack bag,bag,hostel,lost,13/09/2024 20:44,Arslan Latif,3220816186
black business laptop,laptop,block 5,found,12/12/2024 22:06,Ali Naqvi,3675132064
brown card wallet,wallet,block 1,lost,29/12/2025 08:11,Maryam Mehmood,3254460628
brown water bottle,bottle,block 1,found,02/05/2025 08:47,Jawad Ansari,3499905152
brown library id card,id_card,garden,lost,17/01/2026 21:44,Ali Baig,3244295352
brown bluetooth earbuds,earbuds,hostel,lost,01/11/2025 17:41,Fatima Mirza,3574289591
brown cracked-screen iPhone phone,phone,hostel,lost,10/02/2025 09:19,Zubair Mehmood,3245652883
black fast charger,charger,ab2,found,30/10/2024 11:02,Aamir Farooq,3486949792
black travel umbrella,umbrella,ab5,lost,12/10/2025 18:59,Hina Ahmed,3359779054
brown long wallet,wallet,ab2,found,24/04/2026 16:22,Mohsin Qureshi,3999423880
black in-ear earbuds,earbuds,library,lost,09/04/2026 20:13,Shahid Baig,3827669728
brown cracked-screen Samsung phone,phone,hostel,found,10/09/2024 15:58,Usman Siddiqui,3745471251
black fast charger,charger,ab3,found,10/07/2025 19:45,Maryam Sattar,3504237434
brown 32gb usb drive,usb,ab3,lost,16/02/2026 21:39,Talha Tariq,3209856785
brown access id card,id_card,mosque,lost,03/07/2025 18:06,Afshan Malik,3461081823
brown bluetooth earbuds,earbuds,ab3,lost,03/07/2025 11:09,Arslan Hashmi,3160961339
brown wireless charger,charger,ab4,lost,27/09/2024 18:31,Khadija Rizvi,3549431487
brown slim laptop,laptop,hall,found,18/08/2025 19:45,Shahid Hanif,3785383997
brown wireless charger,charger,ab5,lost,22/02/2025 21:42,Sana Naqvi,3204800493
black smart watch,watch,ab3,found,07/03/2025 18:57,Saad Hussain,3338642889
black card wallet,wallet,block 1,found,16/09/2025 12:37,Khadija Aziz,3226466892
black casual watch,watch,mosque,lost,12/11/2024 15:56,Faisal Zafar,3228651382
brown tinted glasses,glasses,block 1,found,02/02/2025 10:12,Laiba Latif,3711392447
black gaming laptop,laptop,ab2,lost,07/08/2025 18:11,Danish Farooq,3105061082
brown used laptop,laptop,ab2,found,15/01/2026 20:48,Fatima Chaudhry,3759792599
brown 14-inch Asus laptop,laptop,block 1,lost,24/03/2025 19:23,Rabia Raza,3912659064
black metal keys,keys,parking,lost,13/05/2025 11:44,Mohsin Javed,3238438399
brown access id card,id_card,block 5,lost,17/10/2024 12:18,Aamir Munir,3740347321
brown sling bag,bag,love garden,found,17/08/2025 22:31,Zainab Mirza,3277042316
brown metal keys,keys,ab3,lost,13/01/2025 11:46,Sara Tariq,3641846158
black slim phone,phone,garden,lost,20/05/2025 20:34,Omar Akhtar,3151497057
black graphing calculator,calculator,hostel,lost,28/12/2024 14:28,Ahsan Butt,3687639985
brown wired earbuds,earbuds,ab1,lost,10/09/2024 12:26,Ali Munir,3389885759
black basic calculator,calculator,hostel,lost,30/12/2024 12:07,Ayesha Usman,3313295228
black flask bottle,bottle,ab3,lost,26/03/2025 13:45,Shoaib Naqvi,3272199842
brown laminated id card,id_card,parking,lost,29/04/2025 08:00,Fatima Butt,3996823706
brown plastic bottle,bottle,canteen,found,16/11/2024 19:46,Ali Rizvi,3791851361
brown in-ear earbuds,earbuds,ab3,lost,26/02/2025 21:02,Khadija Rafiq,3960707259
brown round glasses,glasses,ground,lost,17/10/2024 08:54,Nadia Qureshi,3452896879
brown card wallet,wallet,love garden,lost,17/08/2025 10:07,Urwa Mehmood,3590204687
brown wired earbuds,earbuds,hostel,found,18/02/2025 09:08,Eman Qureshi,3211361103
brown 15-inch Asus laptop,laptop,garden,lost,12/01/2025 15:58,Salman Butt,3541613113
black portable Lenovo laptop,laptop,library,found,20/02/2026 20:47,Shahid Nawaz,3657379037
black sling bag,bag,parking,lost,21/08/2025 18:43,Bushra Sheikh,3987380851
black shoulder bag,bag,mosque,lost,25/12/2025 21:31,Zara Malik,3906841821
brown digital watch,watch,ab5,lost,02/02/2026 11:35,Ahsan Mehmood,3977357994
black sport earbuds,earbuds,block 2,lost,30/11/2024 21:31,Shanza Raza,3227460504
black analog watch,watch,block 1,lost,17/03/2026 08:52,Fatima Akhtar,3764717221
brown handheld calculator,calculator,block 5,lost,12/12/2025 13:23,Omar Baig,3587972689
brown folding wallet,wallet,ground,lost,16/04/2025 08:21,Zainab Naqvi,3688078280
brown zipper bag,bag,library,lost,22/01/2025 21:45,Shoaib Iqbal,3373041065
black plastic bottle,bottle,ab1,found,09/04/2025 15:52,Faisal Nawaz,3215712585
brown spiral notebook,notebook,washroom,found,26/04/2026 09:49,Shanza Aziz,3807012492
black sports bottle,bottle,library,lost,21/03/2026 22:27,Afshan Zafar,3938679870
black cracked-screen phone,phone,library,lost,27/07/2025 16:56,Bushra Latif,3753901994
black tinted glasses,glasses,block 1,lost,29/06/2025 15:51,Nadia Chaudhry,3543182078
brown flask bottle,bottle,ground,found,21/03/2026 18:13,Amna Abbasi,3770194841
brown mini umbrella,umbrella,ab5,lost,02/03/2025 16:34,Rida Butt,3916875967
brown flat wallet,wallet,parking,found,01/03/2026 12:56,Waleed Khan,3661277051
black photo id card,id_card,ab1,lost,24/03/2025 12:48,Tariq Naqvi,3833784779
black bluetooth earbuds,earbuds,library,found,28/03/2025 20:34,Adnan Aslam,3974053994
black used laptop,laptop,block 5,lost,22/06/2025 19:42,Omar Saleem,3516133637
brown slim Lenovo laptop,laptop,ab2,found,28/11/2025 21:14,Mehwish Tariq,3686923535
black plain notebook,notebook,ground,lost,04/12/2025 10:43,Alina Siddiqui,3286611097
black small umbrella,umbrella,library,lost,29/05/2025 10:10,Imran Khan,3454939091
black analog watch,watch,ab1,lost,23/10/2024 20:59,Junaid Usman,3948157453
brown water bottle,bottle,garden,lost,14/04/2025 10:33,Areeba Zafar,3271122762
brown portable Dell laptop,laptop,parking,lost,28/06/2025 11:48,Shaista Hasan,3702728525
black tagged keys,keys,parking,lost,08/05/2025 08:43,Rida Saleem,3954920307
brown university id card,id_card,block 4,lost,12/02/2026 21:49,Mehwish Zafar,3962017907
brown leather-strap watch,watch,library,found,17/03/2025 13:32,Hassan Iqbal,3279738803
black ruled notebook,notebook,library,lost,07/04/2025 21:43,Waleed Iqbal,3320739381
brown zipper bag,bag,cc,lost,15/12/2025 19:21,Adnan Hussain,3178649475
black library id card,id_card,ab3,lost,22/04/2025 22:16,Shoaib Saleem,3584392493
brown basic calculator,calculator,ab4,lost,31/12/2024 16:00,Areeba Tariq,3148873346
black travel umbrella,umbrella,washroom,lost,06/07/2025 17:05,Rizwan Rehman,3509539711
black long wallet,wallet,ab1,lost,06/10/2025 20:51,Iram Naqvi,3780801356
brown cracked-screen phone,phone,canteen,found,18/09/2025 08:35,Asad Butt,3144853569
brown access id card,id_card,block 4,lost,04/04/2025 19:47,Mohsin Abbasi,3543084388
black pocket calculator,calculator,ab2,lost,17/05/2025 11:07,Sana Nasir,3158398995
brown mini usb drive,usb,block 4,lost,08/11/2024 12:06,Amna Tariq,3623116712
brown bifold wallet,wallet,parking,lost,19/06/2025 17:04,Faisal Raza,3621689527
brown compact laptop,laptop,ab1,lost,21/07/2025 14:10,Zain Raza,3364328543
black wireless charger,charger,ground,lost,04/09/2025 10:43,Saad Hasan,3596979657
brown compact HP laptop,laptop,ab2,lost,15/06/2025 21:52,Nadia Hanif,3310917183
black wired earbuds,earbuds,library,lost,02/02/2026 18:01,Urwa Tariq,3328450041
brown access id card,id_card,love garden,lost,31/01/2025 13:25,Shahid Tariq,3887296307
brown portable usb drive,usb,block 2,lost,12/10/2025 13:32,Rabia Hashmi,3966015789
black flask bottle,bottle,block 3,lost,03/03/2025 17:36,Asad Hasan,3485253781
black library id card,id_card,block 3,lost,14/09/2025 11:02,Waqas Munir,3949824193
brown long wallet,wallet,washroom,found,11/10/2024 18:20,Ayesha Munir,3780287364
brown small keys,keys,block 5,lost,21/09/2025 18:24,Farhan Tariq,3801514770
black small keys,keys,block 1,found,11/02/2026 14:22,Mohsin Usman,3951109462
black sport watch,watch,love garden,lost,24/04/2025 09:32,Maryam Abbasi,3261319410
black slim phone,phone,garden,lost,30/10/2025 20:21,Bilal Hasan,3825022076
brown digital watch,watch,block 5,lost,26/10/2025 08:15,Sidra Chaudhry,3715776454
black plastic bottle,bottle,mosque,lost,10/04/2026 10:03,Zara Rizvi,3293313837
brown sport watch,watch,canteen,lost,18/06/2025 09:13,Shanza Akhtar,3606176343
black digital watch,watch,hostel,lost,20/04/2026 21:49,Sana Zaidi,3808292450
brown digital watch,watch,ground,lost,09/12/2025 17:37,Areeba Baig,3506101350
black leather wallet,wallet,library,lost,30/01/2026 18:26,Maham Akhtar,3203399810
brown flagship phone,phone,love garden,lost,30/12/2024 09:30,Usman Akhtar,3679053918
black bike keys,keys,block 3,lost,15/10/2024 19:33,Waleed Baig,3961463274
brown wrist watch,watch,block 5,lost,13/04/2026 09:27,Nadia Rizvi,3612326496
black plain notebook,notebook,library,lost,11/03/2026 14:16,Faisal Khan,3861442766
black small notebook,notebook,block 3,lost,20/09/2025 18:13,Danish Latif,3488984224
black photo id card,id_card,mosque,lost,03/03/2026 14:36,Farhan Zaidi,3395880875
brown rimless glasses,glasses,block 1,found,08/01/2026 10:23,Afshan Rizvi,3429266242
brown flask bottle,bottle,ground,lost,31/12/2024 19:14,Shanza Qureshi,3207673349
brown slim phone,phone,mosque,lost,24/10/2024 10:24,Zain Hussain,3983963824
brown flagship OPPO phone,phone,ab3,lost,09/10/2024 19:24,Urwa Zaidi,3804562789
brown shoulder bag,bag,canteen,found,20/01/2026 15:00,Amna Munir,3407097155
black flagship phone,phone,ground,lost,07/10/2024 13:15,Zain Qureshi,3193246752
brown in-ear earbuds,earbuds,parking,lost,25/03/2025 16:00,Areeba Hussain,3690120616
brown in-ear earbuds,earbuds,canteen,lost,19/03/2025 15:59,Urwa Nasir,3104994458
black sport earbuds,earbuds,block 3,lost,29/01/2026 12:21,Bilal Zafar,3376696166
brown laptop bag,bag,canteen,lost,08/05/2025 20:21,Aamir Aziz,3730100172
black 32gb usb drive,usb,ab1,lost,14/04/2025 18:44,Nimra Raza,3542839009
black card wallet,wallet,ab3,lost,17/08/2025 09:35,Hamza Hasan,3437018334
black card wallet,wallet,ab2,lost,14/03/2025 15:47,Amna Hashmi,3889660946
brown noise-cancelling earbuds,earbuds,ab3,found,31/08/2025 10:49,Ayesha Butt,3184275390
brown reading glasses,glasses,cc,lost,14/10/2024 21:30,Mehwish Zaidi,3438676325
brown leather-strap watch,watch,ab2,found,06/02/2026 12:25,Shahid Nasir,3237703046
brown photo id card,id_card,canteen,lost,22/08/2025 14:55,Hamza Aziz,3229244346
brown sport glasses,glasses,parking,lost,04/04/2025 14:37,Ali Raza,3488267537
brown plastic bottle,bottle,block 4,lost,27/12/2025 17:21,Farhan Siddiqui,3635550230
black 14-inch laptop,laptop,ab5,found,14/06/2025 15:11,Usman Nasir,3836599683
black wired earbuds,earbuds,ab3,lost,17/11/2025 21:24,Amna Sheikh,3959033676
black hard-cover notebook,notebook,garden,lost,25/01/2026 10:57,Arslan Hanif,3873695765
brown in-ear earbuds,earbuds,ab3,found,19/10/2024 14:06,Tariq Farooq,3331356272
brown car keys,keys,hostel,lost,09/08/2025 12:23,Farhan Waheed,3698601921
brown keychain keys,keys,library,lost,23/03/2025 17:36,Yasir Siddiqui,3937850514
brown in-ear earbuds,earbuds,parking,lost,02/12/2025 22:05,Ahsan Zaidi,3407652347
black business laptop,laptop,washroom,lost,09/04/2026 14:54,Alina Hussain,3273945628
black folding wallet,wallet,ab4,lost,01/06/2025 17:41,Talha Ansari,3577706000
brown wireless charger,charger,block 5,found,29/10/2025 10:11,Sara Chaudhry,3881439680
brown wired earbuds,earbuds,ground,lost,18/02/2025 14:06,Ali Malik,3608079376
black shoulder bag,bag,cc,lost,25/11/2024 09:16,Maham Hussain,3803121225
brown zipped wallet,wallet,ab3,lost,08/01/2025 10:33,Zara Ahmed,3137747372
brown sport glasses,glasses,hostel,lost,08/03/2026 22:17,Kashif Rehman,3245078524
black square glasses,glasses,mosque,lost,01/04/2026 14:33,Yasir Javed,3472769123
black casual watch,watch,library,lost,28/10/2025 12:09,Junaid Khan,3100099158
black backpack bag,bag,ab3,lost,17/01/2026 20:30,Junaid Khan,3922345794
brown used laptop,laptop,block 4,lost,29/03/2026 14:25,Hira Qureshi,3867658814
brown auto-open umbrella,umbrella,block 1,lost,07/11/2025 18:15,Arslan Zaidi,3967126986
brown tinted glasses,glasses,mosque,lost,03/06/2025 14:12,Areeba Siddiqui,3246698943
black wired earbuds,earbuds,block 2,lost,17/01/2026 11:20,Sara Sheikh,3153292024
black tote bag,bag,hall,lost,07/01/2025 19:28,Rabia Baig,3196848277
black dual-sim Tecno phone,phone,ab4,found,16/09/2025 15:44,Adnan Nawaz,3186138889
black flash usb drive,usb,ab3,lost,11/03/2026 15:11,Faisal Rizvi,3977516280
black leather wallet,wallet,hall,lost,30/09/2025 20:28,Hira Ali,3313867761
black used Apple laptop,laptop,canteen,found,10/02/2025 18:46,Sidra Waheed,3659340310
brown dual-sim phone,phone,ab2,found,12/04/2025 09:15,Anam Raza,3116178827
brown flagship Infinix phone,phone,library,lost,31/12/2025 19:38,Maham Rafiq,3927636977
black laminated id card,id_card,block 3,lost,13/08/2025 22:48,Eman Farooq,3481734198
black graphing calculator,calculator,block 4,lost,13/01/2026 11:20,Mohsin Rehman,3887255513
black cracked-screen Vivo phone,phone,ab3,lost,23/11/2025 16:18,Iram Usman,3303770248
black backpack bag,bag,ab4,lost,22/03/2026 10:04,Shaista Sheikh,3582522615
brown compact earbuds,earbuds,ab5,lost,01/02/2026 14:46,Sana Ahmed,3765434962
brown 16gb usb drive,usb,mosque,lost,04/11/2024 18:34,Bushra Mirza,3662715631
brown framed glasses,glasses,mosque,lost,27/07/2025 09:06,Arslan Malik,3147005473
black ringed keys,keys,love garden,lost,11/01/2026 11:06,Adnan Nasir,3789075603
brown car keys,keys,block 3,lost,21/05/2025 08:23,Shahid Akhtar,3870780411
black laminated id card,id_card,parking,found,21/11/2024 15:51,Eman Rafiq,3699169292
brown plain notebook,notebook,ab5,lost,31/05/2025 16:02,Alina Javed,3183682466
black android phone,phone,block 4,lost,21/02/2026 18:15,Hamza Waheed,3904441314
brown zipper bag,bag,cc,lost,14/12/2025 19:42,Waleed Iqbal,3279110141
black portable charger,charger,block 1,lost,09/02/2025 16:38,Babar Aslam,3438395096
brown backpack bag,bag,block 1,lost,29/07/2025 17:15,Iram Abbasi,3502720908
brown pocket notebook,notebook,canteen,lost,12/10/2025 08:46,Adnan Naqvi,3739695468
black university id card,id_card,library,found,08/04/2025 21:20,Sara Ansari,3694491286
black analog watch,watch,library,lost,20/01/2025 12:23,Hira Baig,3375139723
brown tagged keys,keys,block 5,lost,11/04/2025 19:04,Rida Hasan,3285652633
black sport watch,watch,mosque,lost,14/04/2026 14:05,Eman Nawaz,3473587211
brown bike keys,keys,washroom,lost,21/04/2025 19:41,Rabia Saleem,3158119446
black in-ear earbuds,earbuds,block 4,lost,28/01/2026 19:14,Maham Farooq,3823310328
brown small umbrella,umbrella,cc,lost,02/12/2024 11:27,Khadija Mehmood,3258927104
brown android Samsung phone,phone,block 4,lost,14/10/2025 16:27,Usman Chaudhry,3616386600
black laptop bag,bag,block 1,lost,29/03/2026 17:47,Shaista Hashmi,3360183853
brown library id card,id_card,block 2,lost,13/04/2026 09:07,Shoaib Sattar,3492203150
black folding wallet,wallet,ab5,lost,10/07/2025 10:22,Babar Zaidi,3256571398
black used Lenovo laptop,laptop,ab1,lost,27/11/2024 09:47,Omar Hashmi,3766796289
brown android OPPO phone,phone,ab4,lost,06/08/2025 11:47,Yasir Abbasi,3318830034
brown laptop bag,bag,mosque,found,19/09/2024 14:37,Shaista Ali,3374294163
black slim Realme phone,phone,library,lost,09/09/2024 09:24,Naeem Rafiq,3215847550
brown library id card,id_card,love garden,lost,25/09/2025 16:45,Ali Raza,3620402022
black plastic bottle,bottle,ab2,found,29/03/2026 22:45,Sara Ali,3365635280
brown backpack bag,bag,block 3,lost,19/09/2024 13:43,Zainab Aslam,3771336642
black compact earbuds,earbuds,ab3,lost,22/05/2025 22:24,Sobia Waheed,3400855850
black in-ear earbuds,earbuds,washroom,lost,29/11/2024 19:24,Arslan Zaidi,3771651925
black round glasses,glasses,ab3,lost,17/07/2025 22:38,Saad Rehman,3682219061
black cracked-screen Infinix phone,phone,hostel,lost,19/02/2026 22:08,Anam Sheikh,3804623475
black backpack bag,bag,library,lost,31/12/2024 10:20,Asad Ahmed,3921879587
brown sport earbuds,earbuds,ab4,lost,08/06/2025 10:49,Faisal Iqbal,3241246317
black flagship phone,phone,mosque,lost,26/04/2025 11:43,Sobia Aslam,3185336088
brown framed glasses,glasses,block 3,lost,18/09/2025 10:54,Bushra Usman,3608789262
black touchscreen Tecno phone,phone,cc,lost,04/06/2025 14:14,Amna Abbasi,3171013341
brown flagship iPhone phone,phone,love garden,found,12/11/2025 14:49,Sidra Akhtar,3889556480
brown keychain keys,keys,block 1,found,09/04/2026 17:34,Shaista Ali,3659042709
brown photo id card,id_card,hostel,lost,10/05/2025 16:34,Talha Ali,3698826833
black zipped wallet,wallet,ab4,lost,09/07/2025 20:52,Rizwan Aziz,3278763625
brown slim laptop,laptop,washroom,lost,07/12/2025 09:46,Zubair Butt,3293028062
black wall charger,charger,block 1,lost,03/03/2025 15:37,Amna Aziz,3196829676
brown wired earbuds,earbuds,mosque,lost,15/02/2025 19:46,Hina Hussain,3222583664
brown mini umbrella,umbrella,ab5,lost,29/09/2025 19:50,Huma Zaidi,3271690961
brown slim wallet,wallet,cc,found,03/04/2026 21:42,Maham Qureshi,3255270986
black dual-sim Nokia phone,phone,ab4,lost,13/01/2025 11:00,Imran Khan,3592463803
brown sport watch,watch,garden,lost,19/01/2026 11:13,Jawad Aziz,3540396677
black slim Acer laptop,laptop,ab3,lost,01/04/2025 08:11,Asad Farooq,3801450705
black bifold wallet,wallet,hostel,lost,03/07/2025 13:58,Fatima Farooq,3216917219
black business laptop,laptop,mosque,lost,10/04/2026 20:35,Hamza Aziz,3904592121
brown water bottle,bottle,library,lost,13/09/2025 22:24,Areeba Sattar,3691063829
brown photo id card,id_card,ab1,lost,09/06/2025 13:33,Shoaib Munir,3325319746
black reading glasses,glasses,library,lost,24/02/2026 09:30,Rizwan Sattar,3753741918
brown compact usb drive,usb,block 3,found,29/08/2025 22:08,Tooba Munir,3882956156
brown basic calculator,calculator,garden,found,27/04/2025 19:18,Faisal Khan,3226923950
brown staff id card,id_card,garden,lost,01/04/2025 20:39,Noor Latif,3148846868
brown zipped wallet,wallet,library,lost,16/06/2025 12:50,Areeba Javed,3422427487
brown casual watch,watch,library,lost,16/08/2025 14:46,Sobia Siddiqui,3308322646
brown long wallet,wallet,washroom,found,18/01/2025 15:09,Aamir Hanif,3459821251
brown slim laptop,laptop,ab4,lost,21/07/2025 16:34,Sara Abbasi,3719975993
brown sport glasses,glasses,library,lost,02/10/2024 13:24,Yasir Qureshi,3713086866
brown plastic bottle,bottle,block 5,found,13/07/2025 19:54,Danish Ali,3391518128
black 15-inch laptop,laptop,ab5,found,07/07/2025 11:33,Junaid Siddiqui,3220507410
black zipped wallet,wallet,washroom,lost,26/09/2024 20:30,Zubair Sheikh,3304238238
brown card wallet,wallet,cc,lost,10/12/2024 21:33,Usman Abbasi,3878001797
brown photo id card,id_card,ground,lost,05/09/2024 12:59,Sidra Akhtar,3193497030
brown slim wallet,wallet,library,found,17/07/2025 08:36,Anum Abbasi,3444542674
black slim iPhone phone,phone,cc,lost,07/06/2025 10:10,Maryam Butt,3116381768
black pocket calculator,calculator,block 4,lost,05/06/2025 10:45,Rizwan Nasir,3362878922
black slim phone,phone,ab5,lost,12/01/2025 08:30,Omar Iqbal,3511886978
black photo id card,id_card,block 1,lost,30/04/2026 18:53,Shanza Zaidi,3481848698
brown bluetooth earbuds,earbuds,ab2,found,01/03/2026 09:59,Sundas Nasir,3241514106
brown student id card,id_card,block 2,lost,21/12/2025 15:14,Shahid Sheikh,3762436526
brown sport earbuds,earbuds,ab2,found,05/08/2025 20:55,Rida Aziz,3623456368
black photo id card,id_card,library,lost,22/02/2025 12:49,Mohsin Akhtar,3717056083
black dual-sim phone,phone,garden,lost,12/11/2024 20:19,Yasir Aziz,3530373413
brown plastic bottle,bottle,mosque,lost,07/01/2026 14:04,Laiba Abbasi,3973935331
brown round glasses,glasses,block 5,lost,30/04/2025 10:42,Alina Nasir,3998451531
black sport watch,watch,block 5,lost,09/12/2024 21:28,Hamza Javed,3535717670
black staff id card,id_card,garden,found,24/09/2025 13:31,Eman Hussain,3333658861
black metal keys,keys,cc,lost,08/12/2025 16:18,Bushra Zaidi,3720549135
black used laptop,laptop,ab4,lost,09/07/2025 22:59,Anam Aslam,3195871622
black reusable bottle,bottle,hall,lost,09/01/2025 21:18,Eman Rafiq,3689360922
black staff id card,id_card,block 5,found,22/12/2024 21:18,Sobia Hashmi,3563550988
brown mini umbrella,umbrella,ab4,lost,26/09/2025 14:34,Iqra Siddiqui,3609889300
black flagship iPhone phone,phone,hostel,lost,07/01/2025 10:00,Alina Ahmed,3254614401
brown mini umbrella,umbrella,block 2,found,26/11/2024 10:41,Noor Aziz,3947105447
brown framed glasses,glasses,block 2,lost,05/12/2025 14:22,Shahid Siddiqui,3556095308
black reusable bottle,bottle,block 3,lost,27/01/2026 12:26,Iram Nasir,3494031067
black access id card,id_card,block 3,lost,18/04/2026 15:44,Hassan Sheikh,3884030674
brown small umbrella,umbrella,block 3,lost,30/11/2024 11:30,Alina Hanif,3956951458
brown reusable bottle,bottle,library,lost,12/09/2024 15:29,Huma Hasan,3716290544
brown small umbrella,umbrella,ab5,found,29/06/2025 12:10,Adnan Akhtar,3904689266
brown wireless earbuds,earbuds,mosque,lost,10/04/2026 08:42,Khadija Zaidi,3129311097
brown wireless earbuds,earbuds,ab1,lost,12/06/2025 12:08,Maryam Ansari,3375904108
black access id card,id_card,ab2,lost,02/02/2025 18:28,Mehwish Siddiqui,3380517824
black wall charger,charger,ab2,lost,04/10/2024 13:05,Asad Akhtar,3982319181
brown dual-sim phone,phone,ab3,lost,19/02/2025 11:36,Mohsin Farooq,3789622604
black wireless earbuds,earbuds,ab2,lost,06/07/2025 15:47,Yasir Baig,3507807998
brown square glasses,glasses,ab3,lost,20/11/2025 08:18,Shanza Saleem,3828526750
black wireless earbuds,earbuds,washroom,lost,17/11/2025 17:58,Naeem Nawaz,3390260461
black in-ear earbuds,earbuds,parking,lost,06/05/2025 19:43,Faisal Munir,3462287576
black sport glasses,glasses,block 4,lost,09/11/2024 08:26,Ali Munir,3211569592
brown sport glasses,glasses,ab2,lost,17/03/2025 08:01,Fatima Farooq,3737951442
black handheld calculator,calculator,mosque,lost,01/01/2025 09:54,Usman Saleem,3804798365
black spiral notebook,notebook,ground,lost,23/12/2025 18:59,Alina Aziz,3396764585
brown ruled notebook,notebook,washroom,found,29/07/2025 12:10,Alina Ansari,3934411164
brown photo id card,id_card,ab5,lost,30/05/2025 10:28,Areeba Usman,3315466821
brown plastic bottle,bottle,mosque,lost,08/03/2026 20:27,Iqra Zaidi,3790779098
brown staff id card,id_card,ab3,lost,12/11/2024 17:46,Imran Rehman,3120148538
black smart watch,watch,mosque,found,05/10/2025 12:09,Saad Mehmood,3717015275
brown photo id card,id_card,block 2,found,11/11/2024 16:14,Zain Saleem,3840088692
brown tagged keys,keys,block 5,found,03/09/2025 13:43,Junaid Mehmood,3159264825
black solar calculator,calculator,block 4,found,22/11/2024 21:29,Khadija Mirza,3289642463
black sling bag,bag,parking,lost,05/10/2025 22:06,Zainab Usman,3191120392
brown graphing calculator,calculator,ab2,lost,26/09/2024 19:37,Kamran Usman,3517435960
brown photo id card,id_card,block 4,found,05/12/2025 08:02,Laiba Farooq,3462622584
black wall charger,charger,ab1,found,18/02/2026 15:43,Yasir Sheikh,3895697985
black water bottle,bottle,library,lost,20/09/2024 15:58,Sidra Hashmi,3853011714
black scientific calculator,calculator,ab2,lost,12/07/2025 21:50,Ali Aziz,3756298806
black android Infinix phone,phone,library,lost,12/08/2025 20:53,Urwa Raza,3229710628
black sport glasses,glasses,hostel,found,17/10/2024 17:11,Saad Malik,3229649486
black bluetooth earbuds,earbuds,block 1,lost,21/03/2026 10:28,Hira Tariq,3143700111
black cracked-screen phone,phone,cc,lost,12/01/2026 09:00,Zain Siddiqui,3195714674
brown small umbrella,umbrella,ground,found,01/01/2026 19:08,Waqas Sheikh,3787007622
brown sport earbuds,earbuds,ab3,lost,09/10/2024 17:11,Tooba Zaidi,3194512033
brown solar calculator,calculator,block 1,lost,16/03/2025 09:33,Ali Zaidi,3488588565
black hard-cover notebook,notebook,cc,lost,11/06/2025 08:12,Bilal Sheikh,3835774878
brown 32gb usb drive,usb,ab2,lost,15/10/2024 08:41,Farhan Naqvi,3325045286
brown gaming laptop,laptop,love garden,lost,16/12/2024 19:03,Yasir Siddiqui,3269700183
black wall charger,charger,block 3,lost,29/04/2025 19:28,Rida Latif,3313407685
brown lined notebook,notebook,garden,lost,10/12/2024 11:47,Shoaib Mirza,3503224831
black dual-sim phone,phone,library,lost,10/04/2025 22:39,Aamir Siddiqui,3515892751
black long wallet,wallet,ground,lost,04/06/2025 11:21,Usman Ali,3843255395
black drawstring bag,bag,ab1,found,14/12/2025 14:10,Laiba Baig,3416927261
black flask bottle,bottle,garden,found,22/02/2025 17:35,Nimra Hussain,3542055365
brown 16gb usb drive,usb,hall,lost,18/12/2025 12:00,Waleed Hashmi,3366106987
brown zipped wallet,wallet,love garden,lost,31/01/2025 22:36,Zain Latif,3147485372
brown staff id card,id_card,cc,lost,26/02/2026 14:30,Ali Rehman,3631808267
black compact earbuds,earbuds,cc,lost,22/10/2025 11:08,Zainab Naqvi,3356691289
black scientific calculator,calculator,block 2,lost,15/12/2025 21:36,Sobia Aziz,3597959196
black plain notebook,notebook,ground,lost,15/09/2025 18:29,Zain Malik,3513260967
brown reading glasses,glasses,ab4,found,10/03/2026 17:50,Waqas Hussain,3766208705
black folding wallet,wallet,love garden,lost,10/09/2025 15:39,Sidra Rafiq,3493454438
black flagship phone,phone,ab2,found,03/05/2025 16:07,Afshan Tariq,3854672588
black slim Realme phone,phone,block 3,lost,26/10/2024 09:23,Mohsin Rehman,3622082166
black leather-strap watch,watch,ground,lost,28/02/2026 22:18,Shanza Zaidi,3495293592
black fast charger,charger,love garden,lost,22/11/2024 14:57,Hamza Naqvi,3182621546
black university id card,id_card,library,lost,02/02/2025 21:13,Arslan Ahmed,3414788293
black 15-inch Asus laptop,laptop,ground,lost,13/03/2025 09:01,Nimra Munir,3792211324
brown folding wallet,wallet,parking,found,11/01/2026 17:42,Shaista Waheed,3578090317
brown business laptop,laptop,ab4,found,21/04/2025 15:23,Rizwan Farooq,3259277073
brown long wallet,wallet,canteen,lost,12/02/2025 19:34,Rizwan Siddiqui,3288290663
black ringed keys,keys,ab3,lost,22/07/2025 17:08,Babar Rizvi,3496932442
black flagship phone,phone,parking,found,30/01/2025 13:28,Iram Qureshi,3672994767
black wireless earbuds,earbuds,block 1,lost,27/01/2025 15:59,Danish Sheikh,3104610971
brown ruled notebook,notebook,ground,lost,24/06/2025 20:36,Asad Nasir,3882267928
brown portable laptop,laptop,washroom,lost,19/03/2026 09:19,Sobia Mehmood,3763059187
black 32gb usb drive,usb,ab5,lost,19/03/2025 17:33,Shahid Ansari,3310148111
black access id card,id_card,hostel,lost,29/11/2024 16:25,Faisal Usman,3441189853
black insulated bottle,bottle,ab5,lost,12/11/2025 13:24,Mehwish Khan,3405641007
brown card wallet,wallet,hall,found,29/11/2024 11:46,Babar Latif,3962950738
brown business laptop,laptop,canteen,lost,30/10/2025 10:53,Fatima Sheikh,3323106146
brown bluetooth earbuds,earbuds,block 3,lost,28/04/2026 20:24,Fatima Khan,3539655012
brown basic calculator,calculator,ab2,lost,05/04/2026 20:58,Nadia Mirza,3299722870
brown small keys,keys,block 4,lost,07/07/2025 21:37,Junaid Usman,3700523461
brown lined notebook,notebook,library,lost,27/05/2025 12:40,Jawad Butt,3802026333
brown round glasses,glasses,ab2,found,09/05/2025 08:07,Maryam Usman,3171645238
brown reusable bottle,bottle,block 2,lost,23/05/2025 18:43,Jawad Butt,3500722831
black casual watch,watch,ab3,lost,28/01/2025 13:29,Nadia Aslam,3275351550
brown university id card,id_card,block 1,found,31/08/2025 08:18,Khadija Munir,3786063606
black library id card,id_card,mosque,found,19/02/2025 16:20,Danish Javed,3391476850
brown prescription glasses,glasses,block 4,lost,26/01/2025 08:08,Arslan Naqvi,3500520940
brown wall charger,charger,ab5,found,14/12/2024 11:09,Zubair Baig,3992895309
black dual-sim OPPO phone,phone,ab1,lost,18/09/2024 15:22,Anum Rafiq,3249265120
brown keychain keys,keys,ab2,lost,31/12/2024 11:08,Asad Baig,3430098648
black touchscreen phone,phone,block 2,found,24/12/2024 09:01,Afshan Sattar,3145652216
black android phone,phone,block 3,lost,31/12/2024 22:16,Sidra Malik,3423889716
black prescription glasses,glasses,garden,found,30/03/2025 17:57,Amna Siddiqui,3820051966
black leather wallet,wallet,ab1,lost,12/06/2025 17:22,Zainab Qureshi,3637552108
black portable charger,charger,block 5,lost,16/04/2026 20:00,Shaista Abbasi,3868596889
brown touchscreen phone,phone,block 4,found,11/12/2024 22:13,Zubair Hasan,3493486679
black square glasses,glasses,parking,lost,30/08/2025 14:27,Iqra Zafar,3344334478
black gaming HP laptop,laptop,block 3,lost,05/09/2025 19:18,Sidra Hussain,3452311239
black leather-strap watch,watch,ab3,lost,17/07/2025 18:53,Babar Baig,3694762662
brown 14-inch HP laptop,laptop,washroom,found,12/09/2025 10:00,Salman Iqbal,3525598787
black portable Asus laptop,laptop,ground,found,20/02/2025 09:23,Amna Nawaz,3315031290
brown water bottle,bottle,ab3,lost,25/01/2026 12:48,Naeem Mehmood,3482356574
brown leather-strap watch,watch,block 3,lost,10/12/2025 09:07,Imran Usman,3633943662
black wireless earbuds,earbuds,library,lost,09/11/2024 15:43,Sobia Siddiqui,3510849034
brown plastic bottle,bottle,ab4,lost,18/11/2024 18:48,Arslan Usman,3951188873
black wrist watch,watch,parking,lost,26/05/2025 16:21,Iram Hanif,3118973435
black hard-cover notebook,notebook,love garden,lost,05/12/2025 13:54,Ahsan Rehman,3593552134
black laminated id card,id_card,block 4,found,08/07/2025 22:45,Zara Usman,3562440328
brown cracked-screen OPPO phone,phone,block 5,lost,22/03/2026 18:34,Jawad Hasan,3703717150
black 64gb usb drive,usb,library,lost,29/04/2026 14:39,Zainab Naqvi,3444115773
black access id card,id_card,library,found,24/08/2025 20:47,Sobia Nawaz,3508637554
brown university id card,id_card,hall,lost,28/10/2024 18:15,Hira Hashmi,3795873638
black wired earbuds,earbuds,library,lost,12/08/2025 10:01,Yasir Raza,3140133915
brown 14-inch Apple laptop,laptop,block 2,lost,22/07/2025 14:36,Bushra Raza,3714758692
brown student id card,id_card,parking,lost,22/01/2026 16:51,Laiba Qureshi,3760166400
brown sport earbuds,earbuds,ab2,lost,17/11/2024 21:54,Yasir Abbasi,3408545686
black in-ear earbuds,earbuds,hall,lost,20/04/2025 17:47,Fatima Tariq,3201719440
brown steel bottle,bottle,library,found,31/12/2025 14:13,Mohsin Malik,3799582326
brown small keys,keys,block 2,lost,24/03/2025 14:25,Imran Zaidi,3653373498
black slim laptop,laptop,block 3,lost,25/01/2026 11:42,Sundas Ansari,3784968212
brown shoulder bag,bag,block 3,lost,30/01/2025 11:09,Junaid Sattar,3540513606
black wired earbuds,earbuds,ab2,lost,21/06/2025 18:10,Imran Akhtar,3353542478
black portable HP laptop,laptop,ab3,found,20/12/2025 15:35,Anam Sattar,3794627259
black laminated id card,id_card,ab3,lost,12/06/2025 18:35,Hamza Ali,3875750551
black analog watch,watch,hostel,lost,03/07/2025 21:04,Shoaib Rafiq,3821202394
black basic calculator,calculator,canteen,lost,22/01/2025 11:07,Zubair Butt,3660447662
brown square glasses,glasses,love garden,lost,04/01/2025 20:51,Danish Nawaz,3993712000
brown flask bottle,bottle,cc,lost,08/11/2025 11:09,Ayesha Siddiqui,3329897397
brown sport earbuds,earbuds,ab3,lost,16/01/2026 16:23,Bilal Raza,3685989264
brown used laptop,laptop,love garden,found,07/09/2025 15:45,Mehwish Javed,3122628256
black fx calculator,calculator,ground,found,26/10/2024 19:58,Kamran Rizvi,3693487068
brown folding wallet,wallet,washroom,lost,02/03/2026 21:15,Babar Saleem,3108446160
brown card wallet,wallet,library,found,30/04/2025 12:13,Tariq Rehman,3777909802
brown bluetooth earbuds,earbuds,library,found,17/01/2026 15:47,Shoaib Nawaz,3870287372
black business laptop,laptop,block 3,lost,15/03/2026 19:20,Aamir Ahmed,3918164904
black staff id card,id_card,block 2,lost,04/09/2024 14:12,Anum Raza,3718270581
black laminated id card,id_card,ab3,lost,12/01/2025 21:38,Shoaib Raza,3584783589
black wrist watch,watch,ab2,lost,02/08/2025 20:18,Amna Hussain,3545062150
black flat wallet,wallet,love garden,found,08/04/2026 11:01,Sara Waheed,3794825515
black water bottle,bottle,hall,lost,20/02/2025 08:25,Waleed Akhtar,3379342292
black slim OPPO phone,phone,library,lost,09/12/2025 21:43,Tooba Butt,3341037805
black compact umbrella,umbrella,canteen,found,31/05/2025 12:47,Tooba Saleem,3239800466
black used laptop,laptop,ab3,lost,03/11/2025 10:26,Asad Ahmed,3411592314
black compact earbuds,earbuds,block 2,lost,20/04/2026 18:41,Aamir Hussain,3111081272
black casual watch,watch,ab4,lost,06/04/2025 19:24,Waleed Akhtar,3375120138
black access id card,id_card,library,lost,29/04/2025 15:58,Zainab Akhtar,3820256933
black usb-c charger,charger,ab3,lost,07/07/2025 14:42,Mehwish Chaudhry,3700823397
black university id card,id_card,ab2,lost,14/08/2025 22:29,Usman Hussain,3440716951
brown compact umbrella,umbrella,ab3,lost,09/01/2025 15:55,Maryam Rafiq,3561801350
brown compact earbuds,earbuds,hostel,found,12/02/2026 13:27,Zara Raza,3891207316
black sport watch,watch,hostel,lost,25/11/2025 08:12,Maham Farooq,3346810881
black dual-sim Nokia phone,phone,block 2,found,20/01/2026 08:28,Zainab Waheed,3620979010
brown portable laptop,laptop,love garden,lost,05/12/2024 11:55,Rizwan Siddiqui,3996524668
brown flagship phone,phone,block 5,lost,05/09/2024 16:49,Sana Latif,3182501451
brown wired earbuds,earbuds,library,lost,19/06/2025 18:43,Hina Mehmood,3501105178
black flask bottle,bottle,ab4,lost,16/12/2025 21:45,Afshan Aziz,3774692904
black in-ear earbuds,earbuds,canteen,lost,08/12/2025 13:46,Usman Abbasi,3152272164
brown cable charger,charger,garden,lost,15/03/2026 17:24,Fatima Mehmood,3373980159
black dual-sim Infinix phone,phone,ab1,found,19/06/2025 18:48,Maham Butt,3420562039
brown smart watch,watch,garden,lost,13/01/2025 13:42,Ali Rafiq,3650457212
brown dual-sim phone,phone,block 2,lost,08/11/2025 09:48,Waleed Rafiq,3759135517
brown cracked-screen Samsung phone,phone,block 3,found,18/04/2025 18:43,Maham Usman,3666161206
black solar calculator,calculator,block 2,lost,03/01/2026 12:09,Usman Javed,3366989670
brown drawstring bag,bag,block 5,lost,17/10/2024 16:06,Huma Sattar,3543476209
brown staff id card,id_card,ground,found,30/08/2025 12:37,Hassan Zafar,3117468377
brown laminated id card,id_card,garden,found,17/10/2024 09:26,Junaid Raza,3730510203
brown auto-open umbrella,umbrella,parking,lost,30/05/2025 13:58,Sana Abbasi,3298736077
brown library id card,id_card,parking,lost,19/09/2024 08:25,Bilal Khan,3284399429
brown basic calculator,calculator,parking,found,12/01/2026 12:39,Farhan Mehmood,3963976413
black noise-cancelling earbuds,earbuds,ab1,lost,17/09/2024 19:12,Sobia Abbasi,3616595652
black graphing calculator,calculator,ab3,found,06/03/2026 11:05,Junaid Aziz,3259091651
brown analog watch,watch,ab1,found,30/11/2025 15:30,Sara Rehman,3728381921
black in-ear earbuds,earbuds,block 5,found,23/10/2024 13:00,Ayesha Sattar,3546339338
brown mini usb drive,usb,block 5,lost,25/06/2025 08:31,Urwa Usman,3651211504
brown plastic bottle,bottle,ground,lost,07/11/2025 17:20,Kashif Malik,3387600528
brown basic calculator,calculator,ab1,lost,22/08/2025 15:44,Anam Ahmed,3273230463
black sport earbuds,earbuds,ab5,lost,13/04/2025 17:58,Laiba Akhtar,3867939251
brown pocket calculator,calculator,love garden,lost,05/10/2025 14:53,Farhan Hasan,3958730450
black 64gb usb drive,usb,ab2,lost,28/11/2024 18:30,Usman Siddiqui,3314194552
brown android phone,phone,canteen,lost,29/04/2025 11:35,Omar Ahmed,3485244337
brown wired earbuds,earbuds,ab1,found,29/01/2026 08:51,Areeba Nawaz,3562375205
black student id card,id_card,block 5,lost,15/08/2025 20:22,Sidra Waheed,3387216523
black cracked-screen Nokia phone,phone,garden,found,23/12/2024 09:50,Ayesha Waheed,3145064341
black digital watch,watch,mosque,found,06/09/2025 10:46,Khadija Rehman,3918153355
brown smart watch,watch,love garden,lost,08/09/2025 13:52,Nadia Butt,3316778095
brown slim Asus laptop,laptop,ab5,lost,27/11/2024 12:23,Noor Rafiq,3775856484
black framed glasses,glasses,cc,lost,22/04/2025 10:51,Waleed Latif,3539492534
brown slim HP laptop,laptop,ground,lost,11/11/2024 09:21,Danish Mehmood,3929328811
brown android Samsung phone,phone,parking,lost,12/04/2026 08:40,Arslan Naqvi,3550225634
brown folding wallet,wallet,washroom,lost,14/06/2025 22:33,Asad Mehmood,3579091840
black handheld calculator,calculator,mosque,lost,27/11/2025 19:22,Urwa Mirza,3423766892
black access id card,id_card,ab5,lost,08/01/2025 16:34,Rizwan Abbasi,3199664255
brown sport watch,watch,ab5,lost,24/09/2024 08:56,Iram Tariq,3377766466
brown wired earbuds,earbuds,block 1,lost,01/11/2024 21:23,Saima Zafar,3480612862
black cracked-screen phone,phone,block 2,lost,06/09/2024 15:21,Kamran Tariq,3707305392
black travel umbrella,umbrella,ab4,lost,10/04/2026 18:08,Ahsan Munir,3891897827
black in-ear earbuds,earbuds,block 3,lost,05/09/2025 15:06,Asad Sattar,3989528128
black portable Dell laptop,laptop,block 2,lost,14/09/2025 18:33,Urwa Tariq,3700187804
brown casual watch,watch,ab3,lost,08/11/2025 15:44,Salman Latif,3984561220
black flagship Nokia phone,phone,ab1,lost,24/02/2026 09:44,Iqra Aziz,3608261670
black access id card,id_card,ab5,found,24/10/2025 09:07,Mehwish Nasir,3410945513
black student id card,id_card,ab5,found,08/07/2025 12:31,Sobia Sheikh,3252621455
brown usb-c charger,charger,canteen,lost,18/06/2025 11:11,Salman Khan,3231348586
brown zipper bag,bag,love garden,lost,10/04/2026 12:36,Shanza Nawaz,3938967476
brown bifold wallet,wallet,cc,lost,16/12/2025 20:28,Shanza Sheikh,3881538189
black flat wallet,wallet,block 1,found,14/08/2025 16:02,Babar Ansari,3793547595
black staff id card,id_card,library,lost,14/07/2025 16:41,Hina Waheed,3191431302
black flagship phone,phone,cc,lost,20/09/2024 09:42,Yasir Siddiqui,3120372732
black noise-cancelling earbuds,earbuds,hostel,found,17/04/2026 15:05,Yasir Akhtar,3444060339
black long wallet,wallet,hostel,lost,22/11/2025 10:26,Sobia Munir,3440786794
brown leather wallet,wallet,library,lost,20/02/2025 12:09,Sana Rizvi,3924960882
black university id card,id_card,canteen,lost,31/10/2024 17:20,Sana Ahmed,3865900715
brown photo id card,id_card,library,lost,29/07/2025 12:24,Hina Farooq,3317496560
black sport earbuds,earbuds,block 3,lost,27/12/2024 12:03,Danish Aziz,3693909246
black 15-inch Apple laptop,laptop,ab3,found,03/06/2025 16:37,Ali Hashmi,3919241705
black drawstring bag,bag,block 5,lost,26/01/2026 11:50,Asad Rafiq,3680292764
black flagship phone,phone,canteen,lost,13/10/2024 08:52,Sundas Zaidi,3410579235
black scientific calculator,calculator,library,found,07/06/2025 17:16,Ahsan Aslam,3778827038
brown android OPPO phone,phone,ab4,lost,04/01/2025 21:08,Maryam Sattar,3326398655
brown insulated bottle,bottle,canteen,lost,08/12/2025 12:15,Rida Nawaz,3326155683
brown slim laptop,laptop,ab1,found,01/01/2026 08:57,Rabia Siddiqui,3543630426
brown sling bag,bag,block 4,found,19/11/2024 16:01,Babar Butt,3479025201
brown keychain keys,keys,block 1,found,09/09/2024 09:29,Mehwish Mirza,3577361628
black staff id card,id_card,library,lost,02/09/2025 11:05,Junaid Baig,3351532545
brown analog watch,watch,ab3,found,03/04/2025 08:12,Talha Butt,3397799667
brown tote bag,bag,block 4,lost,03/04/2026 18:43,Hamza Malik,3731536919
black touchscreen Infinix phone,phone,love garden,lost,08/06/2025 11:54,Sara Hanif,3759767702
brown wireless earbuds,earbuds,canteen,lost,24/10/2024 21:20,Anam Latif,3394243484
brown photo id card,id_card,ab5,found,18/04/2025 08:17,Noor Hanif,3581961364
black sport earbuds,earbuds,ab2,lost,09/04/2026 20:01,Shahid Sattar,3179929734
black noise-cancelling earbuds,earbuds,ab5,lost,09/12/2024 08:30,Anam Ahmed,3736225068
brown type-c charger,charger,ab3,lost,03/05/2025 13:53,Omar Nawaz,3657996830
black usb-c charger,charger,cc,lost,07/12/2024 18:28,Hina Hussain,3165162109
brown university id card,id_card,love garden,lost,09/01/2025 08:58,Babar Farooq,3423702101
brown water bottle,bottle,library,lost,24/10/2024 12:54,Ahsan Mehmood,3202896950
brown plastic bottle,bottle,hostel,found,11/09/2024 15:24,Sundas Sattar,3765946168
black steel bottle,bottle,mosque,lost,27/09/2024 15:33,Saad Tariq,3306675241
black student id card,id_card,block 5,lost,18/03/2025 22:36,Usman Zafar,3375185107
brown long wallet,wallet,ground,lost,07/05/2025 10:51,Sidra Farooq,3237096167
brown compact earbuds,earbuds,canteen,found,16/07/2025 17:56,Iram Sheikh,3258279275
brown sport watch,watch,ab5,lost,09/09/2024 16:37,Asad Farooq,3354892732
black leather-strap watch,watch,ab5,found,26/03/2025 20:04,Laiba Mirza,3817109365
brown sport watch,watch,ground,found,03/04/2026 13:39,Junaid Latif,3452852019
black dual-sim phone,phone,washroom,lost,04/09/2024 18:14,Nimra Aziz,3769929016
black dual-sim phone,phone,canteen,lost,20/09/2025 11:25,Sana Khan,3489571951
black university id card,id_card,library,lost,25/06/2025 15:12,Farhan Ali,3131874640
black slim Realme phone,phone,ground,lost,22/03/2026 11:11,Amna Ahmed,3289061692
brown flash usb drive,usb,library,lost,24/09/2025 18:50,Bilal Nawaz,3325740666
brown noise-cancelling earbuds,earbuds,ab5,lost,23/02/2025 16:51,Anam Malik,3227231238
black touchscreen Tecno phone,phone,ground,lost,14/11/2025 18:15,Sidra Zaidi,3730636355
brown touchscreen Samsung phone,phone,mosque,lost,08/01/2025 21:32,Salman Abbasi,3880930867
brown library id card,id_card,parking,lost,03/02/2026 14:48,Huma Rafiq,3635354547
brown digital watch,watch,ab4,lost,08/01/2026 19:31,Jawad Ansari,3724044455
black zipped wallet,wallet,ab2,lost,29/04/2025 14:13,Anum Sattar,3504889751
black flask bottle,bottle,ab5,lost,16/01/2025 20:05,Khadija Rehman,3657079511
black slim wallet,wallet,block 2,lost,11/11/2025 15:29,Anam Latif,3494612942
brown cable charger,charger,ab3,lost,27/11/2025 11:16,Alina Aslam,3188496207
black bluetooth earbuds,earbuds,ab3,lost,31/12/2024 09:23,Adnan Hanif,3315077574
black folding wallet,wallet,ab3,lost,09/06/2025 11:45,Nadia Hanif,3380392053
brown university id card,id_card,hostel,found,19/10/2025 14:52,Rabia Hasan,3802324900
black casual watch,watch,block 1,lost,03/04/2025 15:14,Arslan Tariq,3943933854
brown laptop bag,bag,ab5,lost,12/03/2025 14:49,Noor Abbasi,3571029923
black gaming Dell laptop,laptop,ab4,lost,25/01/2026 20:42,Zainab Nawaz,3342118734
brown 14-inch laptop,laptop,parking,lost,25/04/2026 08:36,Adnan Chaudhry,3265024710
brown flat wallet,wallet,ab2,lost,02/03/2026 14:12,Jawad Iqbal,3453090727
brown drawstring bag,bag,library,lost,21/03/2026 10:02,Salman Ahmed,3300459123
black dual-sim Infinix phone,phone,ab4,lost,10/12/2025 08:23,Arslan Khan,3284496457
brown flat wallet,wallet,ab1,lost,04/03/2026 14:30,Areeba Saleem,3321705882
black slim Nokia phone,phone,ab1,lost,15/07/2025 17:12,Zubair Aziz,3395752497
black touchscreen Tecno phone,phone,mosque,lost,03/08/2025 22:36,Salman Aziz,3596815461
black insulated bottle,bottle,library,lost,12/12/2025 13:44,Junaid Mehmood,3758233277
black bike keys,keys,ab3,found,17/11/2025 15:24,Sana Nasir,3202579039
black zipped wallet,wallet,love garden,lost,05/03/2026 12:42,Areeba Abbasi,3629878254
black gaming HP laptop,laptop,block 3,found,25/10/2025 15:10,Imran Abbasi,3643382699
brown student id card,id_card,library,lost,17/12/2025 14:21,Urwa Mirza,3525925819
black university id card,id_card,library,found,01/08/2025 18:47,Sundas Usman,3595378308
black access id card,id_card,parking,lost,23/11/2025 10:30,Maryam Qureshi,3283168644
black tagged keys,keys,ab2,lost,06/10/2025 10:04,Rabia Ansari,3264815590
brown business HP laptop,laptop,love garden,lost,27/11/2025 19:03,Arslan Iqbal,3519423299
brown square glasses,glasses,library,lost,22/09/2025 20:12,Hira Rafiq,3356130725
black android Samsung phone,phone,ab5,lost,04/11/2024 11:56,Ali Qureshi,3877401428
black dual-sim phone,phone,garden,lost,14/03/2025 17:13,Iram Mehmood,3559432973
black laminated id card,id_card,library,lost,16/09/2024 14:41,Danish Khan,3517885994
brown touchscreen Realme phone,phone,mosque,lost,08/11/2024 22:13,Shoaib Javed,3924145310
brown water bottle,bottle,ground,found,06/04/2026 10:16,Ali Akhtar,3448272764
brown graphing calculator,calculator,washroom,found,15/01/2025 13:11,Danish Hasan,3172492053
black long wallet,wallet,block 1,lost,27/04/2025 16:37,Rabia Baig,3122777694
black steel bottle,bottle,ab3,lost,08/05/2025 17:05,Eman Chaudhry,3502141680
brown digital watch,watch,ab1,lost,09/10/2024 11:59,Babar Nawaz,3244168106
brown wired earbuds,earbuds,garden,lost,30/10/2025 18:52,Rizwan Ahmed,3345897637
brown compact usb drive,usb,ab3,lost,13/05/2025 20:43,Shahid Akhtar,3509617388
brown tote bag,bag,block 2,lost,17/01/2026 09:12,Omar Sheikh,3319279570
black touchscreen phone,phone,hostel,found,30/04/2025 16:05,Waleed Aziz,3434430817
black touchscreen Infinix phone,phone,ab4,lost,26/03/2025 12:55,Afshan Hussain,3486098163
brown bifold wallet,wallet,block 2,lost,18/11/2025 20:09,Afshan Ahmed,3918115357
brown leather wallet,wallet,cc,found,05/03/2026 10:35,Hamza Rizvi,3508505332
brown 15-inch Acer laptop,laptop,mosque,lost,18/01/2025 19:30,Amna Sheikh,3303609169
black library id card,id_card,block 3,lost,17/01/2026 14:59,Noor Mehmood,3896924722
brown long wallet,wallet,ab4,found,12/11/2024 14:56,Adnan Butt,3513203779
black canvas bag,bag,cc,found,23/08/2025 16:45,Salman Rafiq,3847813304
brown photo id card,id_card,ground,lost,06/10/2024 22:52,Farhan Ahmed,3848904238
black tinted glasses,glasses,mosque,found,29/01/2025 12:15,Tariq Khan,3225338571
black ruled notebook,notebook,ground,lost,24/04/2026 22:05,Arslan Mirza,3554133586
brown slim phone,phone,block 3,lost,27/09/2025 17:19,Shoaib Hussain,3217332137
brown fx calculator,calculator,ab1,lost,13/10/2025 19:19,Zain Qureshi,3976591420
black analog watch,watch,library,lost,20/02/2026 14:41,Rizwan Sattar,3283217137
brown touchscreen phone,phone,ab2,lost,22/12/2024 15:36,Iqra Siddiqui,3315758599
black library id card,id_card,cc,lost,24/10/2025 15:40,Ayesha Qureshi,3185695123
black sport earbuds,earbuds,ab1,lost,01/10/2024 17:15,Afshan Usman,3822418424
black spiral notebook,notebook,library,found,08/09/2024 18:37,Sidra Iqbal,3326632925
black sling bag,bag,mosque,found,31/05/2025 22:31,Jawad Nawaz,3748939011
brown gaming laptop,laptop,ab5,lost,04/05/2025 13:42,Urwa Saleem,3755851235
brown library id card,id_card,ab5,lost,12/12/2025 21:44,Urwa Chaudhry,3127574144
black flask bottle,bottle,block 4,found,13/05/2025 13:28,Jawad Zafar,3543591301
black scientific calculator,calculator,hall,found,27/07/2025 08:40,Farhan Ali,3967108597
brown mini umbrella,umbrella,block 2,lost,15/10/2025 19:39,Hassan Aslam,3559471600
black smart watch,watch,block 1,lost,25/01/2025 21:33,Zubair Ali,3237290086
black wrist watch,watch,hostel,found,23/12/2025 10:57,Shanza Butt,3617724535
black rimless glasses,glasses,ab2,found,01/12/2024 09:27,Sobia Qureshi,3450577559
brown zipped wallet,wallet,ground,lost,05/01/2025 18:08,Yasir Usman,3197111094
brown type-c charger,charger,ab3,lost,06/11/2024 18:21,Ahsan Saleem,3802140873
brown fx calculator,calculator,ab3,lost,25/06/2025 09:07,Fatima Nawaz,3895193026
black insulated bottle,bottle,canteen,lost,09/01/2025 21:20,Ahsan Nasir,3891259564
brown student id card,id_card,block 5,lost,03/10/2025 14:20,Farhan Chaudhry,3658078796
black prescription glasses,glasses,block 1,lost,16/12/2025 13:09,Khadija Baig,3636691235
brown framed glasses,glasses,mosque,lost,06/10/2024 17:20,Anum Zafar,3839378623
brown cracked-screen phone,phone,mosque,lost,26/06/2025 19:24,Eman Nawaz,3263962774
black flat keys,keys,ground,lost,03/03/2025 21:31,Talha Javed,3975112646
black scientific calculator,calculator,block 4,lost,29/12/2025 13:48,Talha Mehmood,3177119592
brown drawstring bag,bag,ground,lost,16/03/2026 14:06,Usman Raza,3907739980
black type-c charger,charger,canteen,lost,15/02/2025 17:08,Babar Hasan,3412546455
black touchscreen phone,phone,ab2,lost,06/09/2025 19:54,Ayesha Sheikh,3504323699
black slim Asus laptop,laptop,ab2,lost,10/02/2026 18:21,Anam Sheikh,3773206644
brown compact umbrella,umbrella,library,lost,14/01/2026 12:44,Hamza Saleem,3933062386
black square glasses,glasses,hostel,lost,09/06/2025 18:41,Babar Rafiq,3112458001
black student id card,id_card,ab1,lost,04/02/2026 11:01,Afshan Ansari,3844882463
black plain notebook,notebook,block 5,lost,19/11/2025 12:36,Usman Iqbal,3449211955
black photo id card,id_card,garden,lost,24/03/2026 21:34,Shaista Usman,3168646103
black casual watch,watch,cc,found,30/12/2024 10:55,Sana Khan,3695627964
brown portable Acer laptop,laptop,ab2,lost,30/03/2026 12:54,Adnan Hussain,3233913984
brown wrist watch,watch,canteen,lost,01/09/2024 11:19,Sidra Munir,3940527063
brown noise-cancelling earbuds,earbuds,block 5,lost,18/02/2026 22:22,Yasir Zafar,3325313451
black reading glasses,glasses,ab3,lost,04/07/2025 21:53,Iqra Chaudhry,3746547614
black backpack bag,bag,ab3,lost,07/11/2025 09:35,Imran Rizvi,3509935637
black basic calculator,calculator,block 2,found,10/11/2025 19:09,Yasir Abbasi,3175761121
brown graphing calculator,calculator,ground,lost,17/09/2025 17:42,Huma Akhtar,3276139909
black gaming laptop,laptop,block 2,lost,12/05/2025 09:17,Hina Hanif,3218101000
brown prescription glasses,glasses,ab5,lost,08/08/2025 20:17,Asad Baig,3393826004
black photo id card,id_card,hall,lost,17/12/2024 20:59,Hina Siddiqui,3665298949
brown portable umbrella,umbrella,hostel,lost,24/02/2026 13:44,Rizwan Waheed,3391041983
black water bottle,bottle,ab2,found,04/10/2025 10:22,Yasir Waheed,3738465114
brown 32gb usb drive,usb,block 5,lost,08/02/2026 19:09,Usman Sheikh,3506734117
brown shoulder bag,bag,washroom,lost,15/09/2025 19:49,Hira Akhtar,3549085802
brown compact umbrella,umbrella,block 2,lost,24/12/2025 16:18,Maryam Sattar,3658984263
black travel umbrella,umbrella,mosque,lost,10/07/2025 14:49,Danish Hussain,3781478902
black staff id card,id_card,ab3,lost,13/04/2026 08:05,Rizwan Waheed,3629194227
black wall charger,charger,parking,found,18/01/2025 15:31,Huma Hanif,3849345045
brown android phone,phone,washroom,lost,10/11/2025 19:34,Mohsin Hashmi,3893477119
black handheld calculator,calculator,block 2,lost,19/02/2026 22:14,Hamza Malik,3494117936
black keychain keys,keys,canteen,lost,24/09/2025 10:23,Bilal Nawaz,3829138534
black in-ear earbuds,earbuds,ab4,lost,07/04/2025 08:47,Talha Abbasi,3427297760
black basic calculator,calculator,love garden,found,29/10/2024 13:00,Aamir Nawaz,3420351568
black slim wallet,wallet,ab5,lost,17/10/2025 13:00,Ali Sattar,3628330503
black flagship phone,phone,ab1,lost,13/01/2026 08:09,Imran Baig,3605408862
brown card wallet,wallet,ab5,found,04/03/2026 20:17,Ayesha Rehman,3804674903
brown ringed keys,keys,ab1,lost,06/09/2024 13:56,Amna Butt,3303546093
black noise-cancelling earbuds,earbuds,block 1,lost,03/10/2024 10:42,Amna Hasan,3814299118
black sport earbuds,earbuds,block 3,lost,09/01/2025 13:48,Urwa Zafar,3879530718
brown lined notebook,notebook,library,lost,22/09/2024 10:09,Mohsin Zafar,3114655448
black spiral notebook,notebook,parking,lost,09/09/2024 14:30,Khadija Naqvi,3621762558
brown laminated id card,id_card,mosque,lost,11/03/2025 11:17,Bilal Rizvi,3852645523
brown noise-cancelling earbuds,earbuds,block 2,found,15/12/2024 19:46,Zubair Zaidi,3294549403
black touchscreen Tecno phone,phone,library,found,28/01/2025 14:01,Amna Hussain,3154712904
brown card wallet,wallet,ground,found,16/04/2025 13:27,Afshan Farooq,3647461968
black compact Lenovo laptop,laptop,ab3,lost,03/11/2025 11:20,Omar Siddiqui,3143904371
black staff id card,id_card,cc,lost,28/12/2025 12:58,Ali Sattar,3298470441
brown in-ear earbuds,earbuds,ab5,lost,14/09/2024 18:35,Usman Nawaz,3487157696
brown ruled notebook,notebook,cc,lost,16/09/2025 11:41,Maryam Abbasi,3727416570
black leather wallet,wallet,ab1,lost,02/01/2025 08:37,Faisal Mirza,3856622973
black portable laptop,laptop,mosque,lost,30/12/2025 20:12,Yasir Sheikh,3147041818
black dual-sim phone,phone,ab3,found,28/03/2026 13:57,Farhan Rehman,3776312005
black small umbrella,umbrella,library,lost,29/01/2026 20:01,Zara Akhtar,3394364860
black tinted glasses,glasses,library,lost,14/03/2025 19:52,Talha Usman,3835184880
black tote bag,bag,block 2,lost,30/03/2026 20:24,Urwa Akhtar,3391514667
black android Infinix phone,phone,block 5,lost,08/02/2026 15:32,Shaista Rizvi,3425784189
black compact usb drive,usb,ground,lost,23/02/2025 11:02,Yasir Hashmi,3413364355
black university id card,id_card,washroom,lost,23/10/2024 18:15,Waqas Hanif,3224752527
brown staff id card,id_card,mosque,lost,25/11/2024 19:56,Kashif Rizvi,3875327062
brown flagship Samsung phone,phone,mosque,lost,31/08/2025 11:46,Maryam Siddiqui,3374864174
black staff id card,id_card,cc,lost,22/05/2025 21:40,Kashif Abbasi,3977082820
black gaming Acer laptop,laptop,mosque,found,10/10/2025 10:28,Nimra Sattar,3495824195
brown android Nokia phone,phone,ab2,found,13/03/2025 17:31,Sana Naqvi,3122599372
black noise-cancelling earbuds,earbuds,hostel,lost,12/03/2025 09:09,Alina Sattar,3363339299
brown portable laptop,laptop,ab1,found,13/09/2024 17:06,Ahsan Saleem,3122243544
black library id card,id_card,hostel,found,14/01/2025 11:49,Hassan Ansari,3253153814
black fx calculator,calculator,canteen,found,18/12/2024 16:47,Laiba Hussain,3317241211
brown flagship phone,phone,garden,lost,04/01/2026 10:15,Eman Hanif,3843073581
black wireless earbuds,earbuds,hostel,lost,01/07/2025 09:32,Noor Sheikh,3101299672
black touchscreen Vivo phone,phone,ab5,lost,29/09/2025 18:56,Bilal Usman,3282062648
black student id card,id_card,canteen,lost,18/11/2024 17:21,Hina Rafiq,3191057929
black laminated id card,id_card,block 2,lost,05/03/2025 18:27,Maham Javed,3770829086
brown keychain keys,keys,love garden,lost,25/01/2026 18:23,Saima Malik,3947027818
black library id card,id_card,parking,lost,05/10/2025 15:46,Afshan Malik,3221508953
brown insulated bottle,bottle,ab3,lost,09/01/2025 10:49,Bushra Aslam,3442862704
brown leather-strap watch,watch,ground,lost,08/08/2025 10:51,Hira Saleem,3549532354
brown laptop bag,bag,block 4,found,29/09/2025 09:37,Noor Munir,3720490097
black wireless charger,charger,library,lost,28/03/2025 21:01,Farhan Waheed,3608874541
black android phone,phone,ab5,found,21/01/2025 12:29,Asad Waheed,3552127953
black bluetooth earbuds,earbuds,ab3,lost,30/12/2024 19:45,Asad Saleem,3887140291
brown university id card,id_card,library,lost,19/04/2026 09:30,Tariq Ahmed,3257718363
black leather wallet,wallet,ab3,lost,01/11/2025 10:48,Sana Hasan,3898389261
brown dual-sim iPhone phone,phone,block 2,lost,14/09/2024 12:07,Maham Farooq,3789830038
black access id card,id_card,ab1,lost,08/11/2025 18:56,Aamir Waheed,3863867195
brown small keys,keys,ground,lost,08/02/2025 12:05,Arslan Saleem,3234360915
black hard-cover notebook,notebook,mosque,lost,08/03/2025 21:47,Alina Aziz,3612621813
brown bluetooth earbuds,earbuds,block 1,lost,16/09/2025 18:27,Faisal Ansari,3216394564
black university id card,id_card,mosque,found,29/09/2024 11:18,Tariq Hanif,3214315434
black access id card,id_card,library,found,12/03/2025 16:12,Adnan Hashmi,3389016952
black access id card,id_card,hall,lost,20/10/2024 13:05,Anum Khan,3482949103
brown hard-cover notebook,notebook,block 3,lost,06/10/2025 19:22,Usman Iqbal,3455750197
black business Asus laptop,laptop,block 2,found,09/10/2024 12:10,Maham Aziz,3184560232
black graphing calculator,calculator,ab3,lost,23/01/2025 20:45,Tariq Zafar,3654373758
brown small umbrella,umbrella,garden,lost,04/09/2025 17:54,Anam Ali,3865322884
brown lined notebook,notebook,ab2,lost,16/11/2024 10:36,Tooba Iqbal,3964068440
black library id card,id_card,love garden,lost,29/11/2024 15:06,Aamir Raza,3282232921
black wireless earbuds,earbuds,ab3,lost,01/12/2024 09:11,Aamir Rizvi,3608160077
brown wired earbuds,earbuds,washroom,found,06/04/2026 15:02,Farhan Naqvi,3530505206
black 15-inch Acer laptop,laptop,canteen,lost,29/10/2025 16:28,Saima Ali,3766378908
black graphing calculator,calculator,garden,lost,29/03/2026 08:09,Ayesha Naqvi,3503535467
brown android Nokia phone,phone,parking,lost,24/12/2025 18:34,Sundas Iqbal,3192151258
black dual-sim phone,phone,ab2,lost,22/07/2025 13:38,Salman Abbasi,3854079040
brown spiral notebook,notebook,ab3,lost,07/02/2025 15:09,Iqra Raza,3710107160
brown student id card,id_card,canteen,lost,15/11/2025 15:13,Omar Abbasi,3124634572
brown pocket notebook,notebook,ab3,lost,24/01/2025 09:17,Urwa Hussain,3420336702
brown auto-open umbrella,umbrella,block 1,lost,24/05/2025 10:53,Omar Hussain,3560135199
brown bifold wallet,wallet,ab2,found,07/01/2026 15:34,Tariq Sattar,3480848036
brown reading glasses,glasses,block 5,found,23/03/2025 09:46,Asad Raza,3813032149
brown metal keys,keys,ab1,lost,30/01/2025 15:55,Danish Butt,3950421579
brown tinted glasses,glasses,block 3,lost,06/12/2025 21:54,Usman Rehman,3786031253
black water bottle,bottle,ab2,found,05/11/2025 19:34,Zara Akhtar,3505398280
brown touchscreen phone,phone,hall,lost,15/09/2024 13:52,Farhan Ahmed,3424210400
black wired earbuds,earbuds,block 3,found,29/10/2025 14:22,Zainab Hanif,3557252089
brown zipper bag,bag,washroom,lost,18/09/2025 10:35,Tariq Hanif,3568018466
brown flat wallet,wallet,mosque,lost,11/12/2024 09:51,Ayesha Hussain,3797529095
brown student id card,id_card,block 3,found,12/03/2026 09:40,Babar Zafar,3724094803
black wireless charger,charger,ab4,lost,17/04/2025 20:29,Kashif Saleem,3222944626
brown android Nokia phone,phone,block 1,found,11/10/2025 08:23,Shahid Zafar,3404517929
brown in-ear earbuds,earbuds,hostel,found,30/10/2025 18:15,Zain Latif,3135084096
black laminated id card,id_card,garden,found,14/02/2026 21:47,Danish Nawaz,3282977147
brown plastic bottle,bottle,block 4,lost,08/10/2025 21:03,Waleed Chaudhry,3783193458
black flat wallet,wallet,washroom,lost,22/11/2025 11:06,Usman Zafar,3227101749
brown fx calculator,calculator,cc,found,21/03/2026 10:20,Waqas Hussain,3200142973
brown student id card,id_card,mosque,lost,29/09/2024 17:45,Iram Hussain,3713958957
black bifold wallet,wallet,hall,lost,02/09/2025 10:15,Shahid Javed,3308122210
black sling bag,bag,cc,lost,09/06/2025 09:59,Asad Ahmed,3785462357
black water bottle,bottle,block 2,lost,19/12/2024 10:18,Saima Siddiqui,3199618698
brown library id card,id_card,ab5,found,06/10/2025 09:31,Sara Latif,3179001593
black digital watch,watch,parking,lost,19/07/2025 18:58,Shanza Qureshi,3293065688
black noise-cancelling earbuds,earbuds,parking,lost,03/10/2024 09:21,Mohsin Hasan,3759282845
black plastic bottle,bottle,block 3,lost,03/01/2025 11:38,Sobia Hanif,3124737048
black digital watch,watch,love garden,lost,11/04/2025 08:20,Nadia Baig,3189595982
black travel umbrella,umbrella,ab3,lost,04/12/2024 13:45,Kashif Naqvi,3601484407
brown hard-cover notebook,notebook,block 3,lost,17/03/2025 12:11,Amna Ansari,3521793625
brown laminated id card,id_card,garden,found,13/01/2026 14:56,Shanza Sattar,3740304225
brown plain notebook,notebook,ab4,lost,28/09/2025 14:12,Zainab Rafiq,3779354803
black car keys,keys,ab2,lost,06/02/2026 12:37,Shoaib Naqvi,3748413461
brown bike keys,keys,library,lost,28/07/2025 14:50,Sana Aslam,3363408355
black staff id card,id_card,ab5,lost,19/07/2025 09:00,Danish Khan,3869660954
black long wallet,wallet,block 5,lost,27/04/2025 16:04,Bushra Naqvi,3746179886
black android phone,phone,ground,found,16/11/2024 17:57,Noor Sattar,3441217210
brown flat keys,keys,ab2,found,24/01/2026 08:17,Noor Butt,3233243500
black gaming laptop,laptop,ab3,lost,19/09/2024 18:50,Zain Aziz,3405335473
brown android phone,phone,washroom,lost,17/09/2024 09:30,Ali Latif,3876587717
brown in-ear earbuds,earbuds,cc,lost,24/03/2026 20:20,Tooba Zaidi,3150544007
brown long wallet,wallet,block 3,lost,03/01/2025 21:23,Ayesha Ahmed,3340533586
black laminated id card,id_card,library,lost,21/11/2025 11:10,Fatima Mirza,3877504949
brown metal keys,keys,canteen,found,24/05/2025 22:50,Sidra Butt,3151543246
black in-ear earbuds,earbuds,ab5,lost,24/09/2025 12:44,Zara Chaudhry,3726478110
black business Dell laptop,laptop,cc,found,29/10/2025 18:28,Hina Munir,3666494300
brown wired earbuds,earbuds,block 3,lost,08/01/2026 11:05,Saima Naqvi,3863839938
brown access id card,id_card,hostel,lost,30/03/2025 19:04,Alina Usman,3164711124
black cracked-screen Tecno phone,phone,ab2,lost,02/04/2025 21:37,Shaista Zafar,3436466691
brown ruled notebook,notebook,block 2,lost,30/01/2026 09:58,Usman Baig,3490459543
brown zipped wallet,wallet,garden,lost,12/06/2025 14:10,Anum Nasir,3796195906
black photo id card,id_card,love garden,lost,05/05/2025 08:57,Aamir Siddiqui,3386427794
brown staff id card,id_card,block 4,lost,31/12/2024 22:35,Hassan Aslam,3563291294
black dual-sim phone,phone,block 3,lost,07/06/2025 13:06,Omar Saleem,3885980740
black compact Dell laptop,laptop,block 5,lost,19/01/2026 16:27,Ayesha Farooq,3794007506
black noise-cancelling earbuds,earbuds,library,found,13/04/2026 12:15,Areeba Hanif,3208482276
black compact earbuds,earbuds,ground,lost,08/10/2025 09:14,Naeem Usman,3320874465
black slim phone,phone,ground,lost,04/09/2024 09:11,Zubair Zaidi,3611915355
brown plain notebook,notebook,washroom,lost,20/07/2025 18:04,Zara Siddiqui,3456649049
black slim laptop,laptop,block 2,lost,29/05/2025 22:04,Zara Khan,3737808176
brown slim wallet,wallet,block 3,lost,22/12/2024 08:52,Sara Nasir,3830194109
black compact earbuds,earbuds,block 3,found,06/12/2024 09:19,Saad Rehman,3626844145
brown portable umbrella,umbrella,ab3,lost,09/09/2025 15:00,Zainab Javed,3862525433
brown leather wallet,wallet,ab3,lost,22/09/2024 10:26,Shahid Sheikh,3483534575
black digital watch,watch,block 5,lost,16/11/2025 13:13,Fatima Mirza,3505636313
black solar calculator,calculator,love garden,lost,05/12/2025 22:33,Hamza Rizvi,3829141955
brown flat wallet,wallet,block 5,found,10/06/2025 12:12,Sidra Tariq,3658429212
brown auto-open umbrella,umbrella,mosque,lost,10/12/2025 17:50,Mohsin Naqvi,3218316226
brown staff id card,id_card,ab1,lost,18/02/2026 12:39,Tariq Javed,3622724151
black bluetooth earbuds,earbuds,ab4,lost,11/04/2025 12:52,Hina Farooq,3624379478
black sport earbuds,earbuds,ab5,found,22/10/2024 12:08,Mohsin Naqvi,3943170042
black flash usb drive,usb,ground,lost,21/03/2025 14:37,Hassan Naqvi,3334996742
brown university id card,id_card,ab3,lost,01/10/2025 14:25,Ali Rizvi,3424294358
brown plastic bottle,bottle,block 5,lost,28/07/2025 20:37,Nadia Mirza,3368457410
brown flagship Realme phone,phone,library,lost,17/12/2025 16:11,Ahsan Sattar,3203124635
brown cracked-screen iPhone phone,phone,block 2,lost,05/11/2025 14:29,Sobia Waheed,3128370531
brown spiral notebook,notebook,cc,lost,07/07/2025 20:15,Huma Rafiq,3236660341
brown water bottle,bottle,cc,lost,18/10/2025 18:00,Sundas Munir,3594158268
black tagged keys,keys,library,found,19/12/2024 13:38,Ali Naqvi,3707140225
brown casual watch,watch,library,lost,06/02/2026 19:45,Omar Abbasi,3654334283
brown touchscreen Vivo phone,phone,ab4,lost,07/09/2024 20:31,Amna Butt,3172093245
black access id card,id_card,love garden,lost,12/05/2025 11:06,Jawad Ahmed,3994133220
brown leather-strap watch,watch,library,lost,20/10/2025 15:11,Kamran Hanif,3379464422
brown tagged keys,keys,block 2,lost,09/03/2025 10:52,Kamran Qureshi,3649235047
black hard-cover notebook,notebook,block 2,lost,12/12/2024 17:31,Mehwish Ansari,3520036225
black long wallet,wallet,block 1,lost,29/09/2024 12:29,Hina Nasir,3518146635
brown student id card,id_card,mosque,found,30/11/2025 08:58,Zainab Chaudhry,3602411429
brown travel umbrella,umbrella,library,lost,26/01/2026 21:55,Zubair Abbasi,3474557738
brown portable umbrella,umbrella,library,lost,27/08/2025 18:46,Laiba Aziz,3867921183
black compact usb drive,usb,garden,lost,09/10/2025 09:58,Afshan Saleem,3606540191
black reusable bottle,bottle,ground,lost,21/02/2026 12:08,Rida Tariq,3723548418
brown leather wallet,wallet,library,found,10/02/2025 11:06,Ayesha Usman,3829416737
brown casual watch,watch,ab3,found,01/05/2025 09:57,Hamza Saleem,3911548967
black slim laptop,laptop,library,found,14/11/2024 15:48,Mehwish Akhtar,3777846827
black ringed keys,keys,ab4,lost,22/09/2025 10:40,Amna Mirza,3371114382
brown smart watch,watch,ab3,lost,13/02/2025 14:52,Shaista Mirza,3192361447
black insulated bottle,bottle,canteen,lost,05/10/2024 20:08,Zain Rafiq,3931490287
black gaming Apple laptop,laptop,canteen,lost,23/02/2026 15:12,Waqas Nasir,3988602683
brown wrist watch,watch,mosque,lost,20/01/2025 20:04,Babar Sattar,3771594051
black leather wallet,wallet,ab1,lost,13/12/2024 09:31,Nimra Farooq,3745844522
brown shoulder bag,bag,ab3,found,16/05/2025 14:45,Zainab Malik,3269504123
black compact earbuds,earbuds,block 5,found,26/01/2026 12:25,Eman Hanif,3848954148
brown university id card,id_card,mosque,lost,06/11/2025 12:12,Saad Farooq,3249560024
brown cracked-screen phone,phone,library,lost,01/04/2026 22:39,Adnan Aslam,3175981291
black 15-inch laptop,laptop,ab3,lost,07/10/2024 15:32,Shahid Aslam,3563336308
brown casual watch,watch,hostel,found,22/09/2024 22:03,Sobia Mirza,3673577697
brown insulated bottle,bottle,parking,lost,07/01/2026 08:24,Ahsan Chaudhry,3561406882
brown portable umbrella,umbrella,ab1,lost,12/09/2025 13:12,Laiba Sattar,3162193817
black wireless earbuds,earbuds,block 5,lost,04/03/2026 17:02,Rabia Hashmi,3972546113
black student id card,id_card,ab1,lost,15/10/2024 13:22,Hira Naqvi,3239281757
brown sports bottle,bottle,parking,lost,18/11/2024 12:34,Waqas Usman,3857261987
brown auto-open umbrella,umbrella,ab2,lost,11/09/2025 20:35,Khadija Hashmi,3665694639
brown wired earbuds,earbuds,block 4,lost,21/08/2025 22:26,Salman Ansari,3184230838
black flagship Infinix phone,phone,ab1,lost,24/01/2025 08:15,Babar Aziz,3222662806
brown library id card,id_card,library,lost,29/09/2025 12:52,Hassan Farooq,3399673271
brown 32gb usb drive,usb,library,lost,29/11/2025 08:14,Waqas Saleem,3298026764
brown handheld calculator,calculator,library,lost,09/03/2026 20:22,Sobia Akhtar,3910114659
brown zipped wallet,wallet,cc,lost,19/11/2025 21:27,Eman Iqbal,3694095087
brown long wallet,wallet,block 2,lost,14/02/2026 12:10,Ahsan Aziz,3900618265
black wireless earbuds,earbuds,ab3,lost,08/06/2025 09:15,Iram Naqvi,3462422604
brown shoulder bag,bag,mosque,lost,15/05/2025 20:41,Rabia Butt,3429526162
brown drawstring bag,bag,hostel,lost,18/09/2024 15:00,Sundas Ali,3485176589
black leather-strap watch,watch,library,found,11/06/2025 22:39,Kashif Raza,3168766169
black compact laptop,laptop,ab3,found,09/01/2025 11:40,Hamza Sheikh,3763518015
black pocket calculator,calculator,library,lost,01/02/2026 21:28,Danish Ali,3694217022
black folding umbrella,umbrella,canteen,found,22/05/2025 08:43,Zainab Hanif,3871289477
black university id card,id_card,library,lost,25/12/2024 16:04,Kamran Abbasi,3449813326
brown sling bag,bag,library,lost,17/06/2025 10:01,Rida Akhtar,3946285145
brown flat wallet,wallet,washroom,lost,29/06/2025 17:01,Tariq Rafiq,3147900241
black compact earbuds,earbuds,library,lost,18/07/2025 16:45,Huma Tariq,3865406379
black flat wallet,wallet,hostel,lost,01/02/2025 14:48,Hassan Malik,3341142023
brown zipper bag,bag,hostel,lost,23/10/2024 17:30,Shaista Munir,3573538845
brown noise-cancelling earbuds,earbuds,hostel,lost,08/05/2025 13:15,Farhan Baig,3589434256
black wired earbuds,earbuds,ab3,lost,25/10/2025 13:05,Zainab Waheed,3642930517
brown staff id card,id_card,block 3,lost,03/11/2025 11:36,Usman Hanif,3363006537
brown wireless charger,charger,block 5,lost,25/05/2025 20:18,Laiba Raza,3226662904
brown photo id card,id_card,block 3,lost,20/01/2026 18:56,Amna Siddiqui,3587553038
black student id card,id_card,block 1,found,26/12/2025 19:06,Usman Ali,3995348812
black business laptop,laptop,ab1,found,03/10/2025 22:27,Zainab Chaudhry,3531985132
black tinted glasses,glasses,ab1,found,11/08/2025 17:38,Ayesha Ali,3179191190
brown hard-cover notebook,notebook,washroom,lost,21/11/2025 12:48,Afshan Chaudhry,3887528569
black touchscreen phone,phone,block 5,lost,09/12/2025 14:20,Babar Siddiqui,3646177238
brown auto-open umbrella,umbrella,library,lost,16/08/2025 08:36,Arslan Munir,3722585793
brown wrist watch,watch,ab4,lost,02/03/2025 10:02,Waqas Sattar,3657416931
brown wireless earbuds,earbuds,ab5,lost,22/06/2025 12:31,Babar Baig,3281806799
brown compact earbuds,earbuds,cc,found,13/06/2025 10:06,Waqas Waheed,3646210500
black spiral notebook,notebook,mosque,lost,07/03/2026 16:51,Faisal Khan,3624378881
black keychain keys,keys,ab2,found,08/04/2026 14:46,Babar Munir,3235483349
brown small keys,keys,washroom,lost,01/01/2025 15:56,Anam Usman,3382454804
black university id card,id_card,ground,lost,29/08/2025 20:05,Shahid Malik,3451237825
brown slim OPPO phone,phone,ground,lost,10/10/2024 14:06,Arslan Raza,3304439023
black mini usb drive,usb,mosque,lost,24/04/2026 14:55,Shahid Mirza,3384848723
black leather-strap watch,watch,garden,lost,17/06/2025 10:12,Fatima Munir,3876619853
black spiral notebook,notebook,block 2,lost,02/04/2025 19:11,Adnan Latif,3838714681
brown wired earbuds,earbuds,block 5,lost,09/01/2026 16:42,Sana Javed,3348993575
brown sport earbuds,earbuds,garden,lost,01/09/2025 16:30,Khadija Iqbal,3335074866
brown photo id card,id_card,canteen,lost,10/11/2025 09:11,Sundas Raza,3809327660
brown staff id card,id_card,block 1,lost,09/01/2026 21:51,Salman Akhtar,3542384762
black reading glasses,glasses,ab4,lost,24/10/2025 08:35,Rida Rizvi,3824763969
brown sport earbuds,earbuds,garden,lost,25/05/2025 22:03,Naeem Usman,3881884679
brown cracked-screen phone,phone,ab4,lost,10/04/2026 22:10,Yasir Abbasi,3937037587
black handheld calculator,calculator,mosque,lost,07/03/2026 08:46,Sara Saleem,3196908109
brown cable charger,charger,cc,lost,21/10/2024 16:13,Farhan Hanif,3313073127
brown cracked-screen Vivo phone,phone,washroom,lost,09/04/2025 16:46,Hira Khan,3138735200
black 16gb usb drive,usb,canteen,lost,13/10/2025 20:31,Sidra Qureshi,3403965278
black noise-cancelling earbuds,earbuds,mosque,lost,05/10/2024 12:47,Hina Saleem,3803597206
black card wallet,wallet,hostel,lost,30/01/2026 19:45,Noor Ahmed,3115828870
blak walet with cards,wallet,library,lost,12/03/2023 14:22,Ali Khan,03123456789
lost my fone near cafe,phone,canteen,lost,05/07/2022 09:15,Sara Ahmed,03011234567
brown bag with books inside,bag,ab2,lost,21/11/2023 16:40,Usman Ali,03334567890
found key bunch parking,keys,parking,found,02/01/2024 18:05,Hira Shah,03219876543
small walet brown color,wallet,cc,lost,14/09/2022 11:55,Bilal Khan,03456781234
iphone lost libary area,phone,library,lost,30/06/2023 13:10,Ayesha Khan,03099887766
blue backpack drop near mosque,bag,mosque,found,18/02/2024 10:45,Noor Fatima,03112223333
earbud missing one side black,earbuds,hostel,lost,09/08/2023 20:12,Zain Khan,03225556666
lost charger maybe in class ab3,charger,ab3,lost,11/05/2022 08:30,Fatima Ali,03339998888
usb drive black lost cafee,usb,canteen,lost,25/10/2023 17:25,Hamza Ali,03077665544
glases black frame lost,glasses,ab1,lost,07/12/2022 15:00,Komal Khan,03114445555
found phone near parkng area,phone,parking,found,19/03/2024 12:35,Ahmed Raza,03216667777
my walet missing hostel room,wallet,hostel,lost,28/01/2023 21:50,Sana Khan,03332221111
laptop bag left in libary,bag,library,lost,16/04/2023 09:05,Ali Raza,03441112222
watch drop near love garden,watch,love garden,found,03/06/2024 18:20,Hina Ali,03118889999
phone cover with mobile lost,phone,ab4,lost,27/07/2022 14:10,Usman Khan,03012344321
id card lost near cc building,id_card,cc,lost,10/02/2023 11:00,Areeba Khan,03227778888
keys lost maybe in canteen area,keys,canteen,lost,22/09/2022 13:45,Saad Ali,03335557777
wallet found outside library gate,wallet,library,found,01/05/2024 16:30,Imran Khan,03456667777
earbuds white one missing piece,earbuds,ab5,lost,15/11/2023 19:55,Zoya Ali,03119990000